address,city,company,company_id,company_type,date,education,experience,job_description,job_name,job_url,people_num,salary
,上海,上海丽兹行房地产经纪有限公司-SH-Y5,CZ418846210D00112983621,民营,2019-07-25 22:00:46,本科,不限,【薪资待遇】无责任底薪6000元/月+500元住宿补贴+500-1500学历津贴（认可大学的努力和付出）+活动量奖金500/1000（看重结果但更奖励过程）+高额提成3%-62%+精英留任奖  【岗位要求】1.21-35周岁，本科及以上学历或国外五百强院校毕业（有国内认证）；2.不限专业，不限经验，愿意学习新知识；3.工作积极主动，注重团队合作；4.愿意参加公益活动，具有爱心和感恩之心。  【岗位职责】1.伙伴加入公司，熟悉了解产品信息（一二手高端公寓别墅，国内主北京上海，国外英国、美国、加拿大、澳大利亚）；2.详细了解客户的核心诉求，精准匹配合适的豪宅项目；3.与客户面对面商务洽谈，进行Ipad作业展示、720度环景看房，通过丽兹行豪宅APP、微信小程序、楼盘字典等营销工具进行前期介绍；4.通过市场数据分析，进行商务谈判，促成项目成交。  【晋升路径】公司所有团队长都是内部公平竟聘产生，从无空降兵。1、营销精英A0-A15级：豪宅顾问、资深豪宅顾问、高级客户经理、资深客户经理2、管理岗位晋升（入职半年后可公开竞聘）：店经理（年薪40万起）、店面总监、大区总监  【系统培训】1、师徒制：一对一的师徒辅导，有自己专属的师父2、线上平台：丽兹V学院，分类大讲堂3、针对豪宅顾问：房地产基本知识，金融学，心理学，客户的经营管理，法律，税法等4、针对精英及管理岗位：百万尖子班、LEC精英俱乐部、黄埔培训班、虎将训练营、北京大学光华管理学院MBA  【福利体系】1.六险一金：养老、失业、医疗、工商、生育、商业保险；住房公积金；2.拨打电话免费：企业内部通话免费；3.多重奖励：新人奖、品质奖、价值范、支持个人及团队、职能嘉奖、破纪录奖；4.年度国内外旅游：泰山、青岛、厦门、海南、云南、泰国、韩国都曾留下我们的身影；   【面试攻略】面试地址-上海浦东新区浦电路577号平安财富大厦东楼107乘车路线：上海地铁2号线上海科技馆/4号线浦电路下车步行5-7分钟均可到达公司详情咨询公司官网：www.lizihang.com,（高端豪宅）年薪30W大客户销售经理,https://jobs.zhaopin.com/CC418846213J00118171213.htm,招20人,15K-20K
康桥,上海-浦东新区,上海清流生物医药科技有限公司,CZ421963530,民营,2019-07-25 18:42:15,本科,1-3年,"【福利待遇】1、薪资待遇：7500-14000；2、绩效奖金+年终奖金+期权奖励；3、做五休二+法定假日放假+弹性的工作时间；4、每年一次提供免费体检；5、每年1-2次集体旅游；6、每周五下午茶，免费的水果、点心、茶饮；7、五险一金+补充商业医疗保险，高可赔付50万元；【岗位职责】1、有责任心，工作踏实认真负责；2、1-3年纯化相关工作经验，能够使用操作AKTA,AKTA操作系统及100mm以上的大规模生产层析柱;3、熟悉纯化里常用的技术和工艺：阴阳离子交换层析，疏水层析，除菌过滤，超滤，澄清等；4、做过中试或者GMP生产，了解GMP法规；  公司期待与优秀的你共创未来！！！ ",纯化研究员,https://jobs.zhaopin.com/CC421963532J00299079002.htm,招1人,7.5K-14K
,上海,上海丽兹行房地产经纪有限公司-SH-Y2,CZ418846210D00113133021,民营,2019-07-25 18:26:40,本科,不限,【岗位薪资】无责任底薪6000元/月 +500住房补贴+（500-1500）学历津贴+高额提成（5%-68%）+精英留任奖+全勤奖+带薪年假【岗位要求】1.22-35周岁，本科及以上学历；2.沟通表达能力强，具有良好的亲和力；3.对工作热忱，认真，负责；积极主动，注重团队合作；4.理解能力、逻辑能力强；5.具备感恩之心与爱心【岗位职责】1.新员工入职，熟悉了解产品信息（所在高端楼盘项目+金融产品等）；2.详细了解客户的核心诉求，精准匹配合适的产品信息；3.与客户面对面沟通，通过Ipad、豪宅APP、楼盘字典等营销工具前期介绍产品信息，带客户看房、讲盘，通过市场数据分析，进行磋商、谈判，促成产品成交等；【晋升体制】※营销条线A0初级豪宅顾问-A8资深客户经理※管理条线A0初级豪宅顾问-A2豪宅顾问-参加公开竞聘晋升（B1-B9）店经理B3店经理-（C1-C3）店面总监C2店面总监-大区总监※职能条线内部转岗总部职能团队【其他福利】六险一金：养老、失业、医疗、工伤、生育、商业保险；住房公积金；享受免费健康检查；节日福利：法定节假日、10天春节假、带薪年假.....带薪培训：一对一师徒辅导制；业务训（房产、金融、心理学、美学等）、管理者培训（中欧、北大光华等）、国内外交流沙龙...多重奖励：新人奖、品质奖、价值范、支持个人及团队、职能嘉奖、个人破纪录奖、个人/父母年度海内外旅游（泰山、青岛、杭州、海南、云南、韩国、马尔代夫...等你来！）逢节必过：圣诞节、儿童节、中秋节、感恩节...节日不停，happy不停；花式活动：爱心义卖、公益活动、舞蹈大赛、运动会、演讲大赛、文化沙龙、轰趴、生日party...还有：企业内部通话免费；不定期零食、甜汤、水果等；最简单坦诚开心的工作环境...公司官网：www.lizihang.com公司地址：上海浦东新区浦电路577号平安财富大厦主楼1-07,底薪7000元/月+高提成 销售代表,https://jobs.zhaopin.com/418846213275682.htm,招20人,7.5K-10K
唐镇,上海,上海安赐环保科技股份有限公司,CZ193400010,民营,2019-07-25 21:35:23,本科,3-5年,"岗位职责：1. 负责自动化系统方案设计，施工图和加工制造图纸设计，各种测量仪表和自动控制系统、电气仪表备件的选型及管理；2. 负责对自控系统及仪表图纸进行设计、选型、安装、调试和维护等工作，通过精心的研发和设计，对温度、压力、流量、液位实现自动化控制；3. 负责扩建和技改项目自控系统的安装,包括仪表桥架的设计安装,电缆的铺设,气源管线和引压管线的安装,仪表的安装调试,控制回路的信号测试。岗位要求：电气仪表相关专业，本科学历；熟悉国内主流品牌（浙江中控、和利时、科远、西门子等）DCS/PLC系统的编程及调试；熟悉常规办公软件及工程设计软件的使用。  4、有化工及环保项目工程经验者优先考虑；  5、有设计院工程经验者优先考虑；工作地址：上海浦东 唐镇",仪电设计工程师,https://jobs.zhaopin.com/CC193400019J00186194902.htm,招1人,8K-15K
人民广场,上海,上海链家房地产经纪有限公司,CZ307313210,民营,2019-07-25 21:42:31,本科,不限,即将毕业，或者已经毕业的你是否梦想着更大的舞台更好的发展？是否仍旧看不清前路在哪？是否一次又一次的开始又放弃，充满希望又再次失望？不要再犹豫加入上海链家吧！王者精英团队，等你来战！【加入链家的福利】1、基本保障：新人入职即可享受底薪5000元+3000元绩效，开两单租赁奖励2000；业绩满2万转正，转正后租赁提成50%，买卖提成20%-70%。2、员工享有住宿优惠，三星级的办公环境，只为给你更好的工作体验；转正后享有社会福利保险，多彩的日常活动；3、新员工入职即为每人配置一台最新小米定制机；4、丰富的团队激励活动、城际旅游、出国旅游、轰趴等；5、链家得定级荣耀—可携父母参与人民大会堂国宴。【我们需要这样的你】1、全日制统招本科及以上学历，年龄20-35周岁之间，性别专业不是问题（欢迎优秀应届毕业生）;2、有良好的人际沟通能力，性格开朗，具备高度的工作热情且有较强观察能力和应变能力；3、工作积极主动，有较强的抗压和抗挫能力，勇于接受房产行业的压力和挑战；4、做事认真踏实，为人正直诚恳，高度的工作意识，具有良好的团队精神。【链家4年里程划碑计】1年 成为销售精英2年 升任团队主管3年 拥有公司投资权4年 购房买车、实现自由人生“链家人”真实收入销售顾问：年平均收入为20万！营业主任：年平均收入为25万！69%的员工：2年后晋升为分行经理！资深经理：享有投资权平均年收超过58万！单人、单店：业绩高于行业平均水平3.3倍！【商圈介绍】1.商圈简介：我们位于内环内浦东新区，是中国最早的综合配套改革试验区，也是上海富人最集中，综合素质和能力最强的区域，产品价位在500万到5000万不等。佣金体量大，客户质量高。因为附近标的较大，很容易形成一二手联动，因此我们区也是上海链家二手房交易最活跃的片区，没有之一。2.客户来源：（a）上海的高端人士，企业高层，周围写字楼集中，高层负责人首选附近置业，方便自身事业发展。（b） 市区原住居民，收入偏高，改善居住环境，房屋置换刚性需求。（c）业主子女，亲戚，父母在附近买房，业主转介绍客户多。本身业主投资性购房，形成连环单，一手业绩几十万（d）企业老板，总裁，外企负责人，每年有大批量的企业入驻上海，市区近的地方是他们的置业首选，方便事业稳步，换手率和周期短，不论客户买房卖房，都会找我们，行程多次成交。【我们的工作内容】1、 新员工入店，熟悉了解所在商圈；【不必乘车东奔西走，因为我们的商圈与门店在一起】；2、 积累客户信息与房源资源；【店内系统里大量的积累和完善的盘源信息，助您完成前期积累】；3、 负责客户的接待、咨询；【不知如何开口？不必担心，有详细的文字资料教给您】；4、 详细了解客户的需求，做好信息的合理匹配，提供合适房源；5、 根据客户意向，带客户看房并进行周边环境介绍；6、 进行商务谈判，促成房产经纪买卖和租赁业务成交；【从带看到成交，师傅一对一帮扶，带您成功挖掘第一桶金】；7、 负责业务跟进、客户信息登记及客户关系维护等后续工作；8、 为客户提供良好的服务，与客户建立良好的业务协作关系；【服务客户为第一要旨，源源不断的老客户介绍也将接踵而来】。工作地点：全市就近分配联系方式：HR秦小姐  17701693052  （同微信号）邮箱：qinrong003@lianjia.com,链家销售-地产顾问-接受实习生,https://jobs.zhaopin.com/CC307313213J00267719802.htm,招5人,8K-16K
江川路,上海,上海精劢医疗科技有限公司,CZ401579080,合资,2019-07-25 00:53:46,本科,1-3年,岗位职责：1、参与系统设计，配合开发经理进行系统设计文档的编写；2、负责关键业务模块的软件编码工作；3、参与审核组内软件工程师完成项目的详细设计、程序编写和测试；4、给予项目组技术上的支持与指导；5、领导安排的其他工作。任职要求：1、本科及以上学历，计算机、软件等相关专业2、3年以上C/C++设计和开发经验，熟悉QT开发经验优先；3、有软件注册检验工作经验优先；4、熟悉软件项目管理，熟悉使用版本管理工具，有软件工程化开发经验；5、具备良好的学习能力、抗压能力和团队精神，对图形学、图像处理技术与算法研究有热情。4.工作地点：上海闵行区剑川路,软件工程师[上海],https://jobs.zhaopin.com/CC401579081J00225521605.htm,招2人,8K-15K
,上海-黄浦区,上海丽兹行房地产经纪有限公司-SH-Y5,CZ418846210D00112983621,民营,2019-07-25 21:00:19,本科,不限,【我们的薪资及福利待遇是】1.基本岗位薪资①入职第一月即无责任底薪6000+500住房补贴+500-1500元学历津贴+工作量奖金500-1000元②晋级加薪：每月评定等级：A0—A15，每晋升一级底薪增加300，封顶10900，如果你够优秀，连跳15级不是梦③提成：提点3%-62%，根据个人业绩核算（豪宅顾问年薪收入约30万，销冠年收入破百万）2.高提成：佣金3%-62%，根据个人业绩核算（豪宅顾问年薪收入约30万，销冠年收入破百万）3.福利待遇：六险一金+免费体检+10天带薪年假+国内外旅游+各种奖励 【我们的要求是】1.统招本科及以上公办院校毕业生，具有良好的学习能力和领悟能力；2.具有良好的亲和力、理解能力、逻辑协调和沟通能力；3.积极乐观开朗，为人诚实守信，工作积极主动，注重团队合作； 【岗位的职责是】1.新员工入职，熟悉了解所在的高端豪宅项目；2.学习业务相关知识，掌握豪宅交易流程，并且能够解决流程中出现的问题；3.与客户沟通，详细了解客户的需求，了解公司产品，高效匹配；4.与客户进行商务磋商、谈判，促成豪宅成交；5.为客户提供豪宅市场分析报告、价值对比分析报告等； 【你的顾虑】1.底薪为什么那么高，是无责任底薪吗？丽兹行用人要求很高，优秀的人才应当匹配相应的薪资；其次丽兹行从员工角度出发，高薪可以保障大家在上海的基本生活，有更多的精力投入到工作当中。底薪是无责任底薪，与业绩不挂钩，当然我们也是没有业绩指标的，每个月固定发放底薪。 2.没接触过这个行业，怕做不好？公司新进员工，大多数都没有接触过房产行业。因为这个岗位是公司的核心岗位，我们实行的是一对一师徒辅导制，师父会是你未来在丽兹行工作的引路人。有任何工作或者生活上的问题都可以找师父解决。而且公司针对岗位会有系统全面的培训，其中针对豪宅顾问的业务技能培训占比60%，针对管理技能的培训是占比40%。每一位候选人都可以通过公司的培训得到专业的提升。所以公司会对学历和学习能力有要求，没有经验要求。 3.客户资源哪里来？公司会给员工提供优质精准的客户资源，所以完全不用担心！  招聘旺季，抢先面试即抢占了职场先机！欢迎联系HR预约面试公司总部地址：上海浦东新区浦电路577号葛洲坝大厦（平安财富大厦）详情咨询集团官网：www.lizihang.com你是想要一份工作还是想拥有一份满腔热血全情投入的事业？你是想要平淡安稳度日还是想要在百舸争流中夺得一席之地？如果你想通过自己的努力和才华，给自己给家人一个理想的生活，丽兹行和你一起实现梦想！我们不会编织梦想，因为我们就是梦想！,【无责底薪7k 】豪宅顾问/大客户销售代表,https://jobs.zhaopin.com/418846213275188.htm,招20人,10K-15K
虹桥,上海,上海汇晁商务咨询有限公司,CZ145794470,民营,2019-07-25 19:48:24,本科,1年以下,"1) 本科学历，英语专业有TEM-4证书。2) 其他专业有CET-6证书或同等及以上英文水平证明。3) 熟练操作Microsoft Word, Excel, PowerPoint.4) 善于沟通，有团队精神，乐于学习，有责任心。5) 欢迎在校应届毕业生",外贸业务员 应届毕业生,https://jobs.zhaopin.com/CC145794479J00198463808.htm,招3人,6K-8K
北蔡,上海-浦东新区,上海农产品中心批发市场经营管理有限公司,CZ139469280,国企,2019-07-25 00:50:30,本科,3-5年,岗位职责：1.负责工程项目的立项审批、工程预算、工程建设、竣工验收、项目运行管理；2.负责水电工程及维护维修项目运营管理；3.跟踪项目总体进度计划制定详细的工程施工计划；4.参与施工单位、监理单位、材料设备供应商的管理、评价工作；5.负责巡视、检查施工单位施工质量、工程材料质量、监理质量，及时发现问题并提出整改意见； 6.负责市场物业管理工作；任职要求：①工民建、土木工程等专业本科以上学历。三年以上建筑管理工作经验。②有较好的沟通能力，熟悉建筑项目建设流程，具备较好的科学项目管理能力。,工程部经理,https://jobs.zhaopin.com/139469280250006.htm,招1人,6K-8K
莘庄工业区,上海,上海英冠食品有限公司,CZ827691070,民营,2019-07-25 20:58:25,本科,3-5年,【岗位职责】1、产品开发：负责小吃类、烘焙类产品开发配方设计与实验，生产配方下达与监督执行。2、现品优化：负责公司现有产品配方技术改良、优化、升级工作。3、工艺制定：负责公司产品标准生产工艺制定，关键工艺风险点把控，工艺抽查监控工作。4、工艺流程：负责工艺流程和技术条件的鉴定与审批，做好生产技术的指导工作，以及新产品投产后的技术、工艺、质量的验证工作。5、技术升级：负责制定技术攻关、质量改进、生产技术计划并组织实施。6、市场调查：负责市场竞品分析与总结，配合销售部进行市场调查工作。7、技术协同：负责客户技术服务和协同客户投诉处理，配合销售人员进行市场开发。8、制度管理：负责制定产品研发相关的各项标准管理制度，工作标准、工作程序、作业指导书等工艺技术文件的编制和修订工作，制定并确认产品相关技术标准及规范。9、预算管理：负责根据公司年度整体预算，做到产品研发、物料消耗等研发费用预算控制工作。10、档案管理：建立和完善产品工艺技术及产品配方资料库，负责技术资料档案信息的规整及保密工作。11、组织管理：负责研发团队人员储备、人员帮带、人员培训、人才培养、人员关注、绩效考核等工作。12、研发培训：负责组织研发部门内部、公司部门、客户来访等关于产品专业知识及产品实操方面的培训工作。13、学习提升：负责公司标准文件体系及制度的宣贯、落地执行工作。14、部门协同：负责配合各部门质量管理的技术指导，为相关部门提供技术咨询和技术保障服务，及时组织解决生产中的技术关键问题，稳定和提高产品质量。【任职资格】1、学历：本科学历，食品相关专业；2、有从事相关预拌粉行业5年以上工作的经验者；3、对于小吃预拌粉或烘焙预拌粉有详细的了解者；4、对产品应用方面有丰富的经验者；5、具有较强的沟通协调能力、管理能力、创新能力；6、专业知识及产品实操方面的培训工作。【薪酬待遇】底薪+提成+绩效奖金+年终奖金（具体面议）【工作时间】：9：00-17：00，双休，可提供住宿,预拌粉研发经理/产品研发/食品研发,https://jobs.zhaopin.com/CC827691070J00277924304.htm,招2人,8K-15K
莘庄,上海-闵行区,上海迪夫格环境科技有限公司,CZ555058720,民营,2019-07-25 19:55:54,本科,3-5年,岗位职责：1.负责垃圾焚烧行业VOC有机废气或一体泵站相关领域内的市场信息搜集、市场开发及项目发现； 2.负责深入的市场分析，提供市场运作的方向性建议； 3.负责销售渠道建立，依据客户需求做好售前、售后服务；对项目和客户进行深度跟踪； 4.负责制定销售计划，适时调整销售方案和策略，达成销售目标； 5.编制项目销售预算和项目销售决算； 6.负责签约项目的推进、监督实施及项目回款。任职要求：1.有丰富的环保、电力、钢铁冶金、化工、VOC有机废气等行业销售工作经验，熟悉行业情况和特点； 2.环境工程、化工、国际贸易、营销等专业本科及以上学历； 3.三年以上相关行业从业经验；具有良好的市场拓展能力； 4.热爱销售工作，具有强烈的责任心和进取心； 5.个性成熟、善于交流，具有良好的书面写作能力、沟通协调及解决问题能力； 6.较强的公关能力、客户服务意识及团队领导、搭建能力； 7.身体健康，能适应出差。,销售经理,https://jobs.zhaopin.com/555058720250003.htm,招2人,10K-15K
天目西路,上海-静安区,哈尔滨德莱维信息咨询有限公司,CZ185813610,合资,2019-07-25 00:52:01,本科,1-3年,"This is what you do!•You develop new clients and bring our IT business solutions to help our clients grow. (Including sales calls at executive level, product demonstrations, general presentations, site surveys etc).•You ensure revenue and volume targets are achieved.•Keeping up to date with latest IT Solution Technology and industry trends is an important aspect of the role.•You cooperate the Management team, supporting their goal of building a strong consultative relationship with our clients and identifying and closing upsales opportunities.•You generate the leads and demand •You assistant in the marketing activities, together with the Market Team. •You help presales to prepare solutions•You do account and relationship management, define the sales strategy and approach to client. These are your abilities!•Bachelor Degree or equivalent degree, with at least 3 years sales experience•Deep professional experience in the fields of ERP Industry, SAP preferred•Ability to communicate effectively as a trusted advisor of C-level executives•Strong record of managing and developing high-performing sales teams•Excellent written and verbal Chinese & English communication skills•Convincing communication and good negotiation skills•The ability to handle difficult clients with confidence•Self-directed, driven and enthusiasticThese are what we offer!We offer you a very challenging and stimulating job with lots of responsibility within a great company to work for:•A challenging job within one of the most pioneering web agencies in the country!•loads of training opportunities; •a pleasant (respectful) company culture; •regular team meetings and team-building •an attractive salary package ",sap sales 销售助理,https://jobs.zhaopin.com/CC185813615J00177684702.htm,招1人,10K-15K
虹桥,上海,上海豪盛投资集团有限公司,CZ463026830,国企,2019-07-25 19:58:15,本科,3-5年,"岗位职责：1、撰写商办类项目市场定位、规划建议、推广策划、营销组织等报告； 2、能有效组织对对接相关部门、企业、团体、协会、媒体等，策划商办类项目开展招商等工作；3、负责与相关媒体对接,负责实施商办类项目的品牌及文化建设的推广、宣传，做好服务购买的合同审核、执行监督、效果评估等工作；4、拥有品牌商家资源,拥有丰富的社会公共关系资源，拥有高端会所、俱乐部等企业信息资源。 任职要求：1、性格外向，优秀的沟通协调能力及团队管理能力，抗压能力强，优秀的职业道德与职业诚信。2、房地产或市场营销、工商管理、公共关系管理等相关专业，本科及以上学历；3、具备扎实的文字功底，擅长市场调研、营销策划等报告撰写能力。5年以上房地产行业招商、租赁工作经验，有产业园区招商工作经验优先考虑；4、具备先进的招商理念，拥有良好的公关、销售和谈判能力，优秀的沟通协调能力及团队管理能力，抗压能力强；5、具备敏锐的市场判断以及优秀的开拓创新、沟通协调、组织推动能力；具有很强的组织营销商务活动、良好的公关能力和客户关系建立能力、良好的心理素质和抗压能力。",招商经理,https://jobs.zhaopin.com/CC463026830J00252766004.htm,招1人,8K-10K
十六铺,上海,亿达发展有限公司,CZ574710380,上市公司,2019-07-25 19:39:16,本科,5-10年,岗位职责：1、负责公司拓展项目、投资项目法律事务管理2、负责并购项目法律尽职调查、交易架构设计、交易谈判、交易文件拟定审核等、交易完成及投后管理相关法律事务；3、建立法律风险防控体系任职资格：1、硕士及以上学历，28-35岁，有国内外知名律师事务或大型企业从事投资、并购、上市、合规类法务业务的5年以上从业经历，2、法学硕士，通过司法考试，有证券、基金类从业资格、执业律师优先。3、可用英语作为工作语言。,法务经理,https://jobs.zhaopin.com/CC574710389J00155326411.htm,招1人,15K-25K
中山北路,上海,上海浦东新区致学教育培训中心,CZ469323280,民营,2019-07-25 19:13:03,本科,1-3年,  致学教育成立于2004年，由华东师范大学教授、博士与市级教研员共同创建，通过多年的教育教学经验积累，已成为沪上知名中小学生学习能力辅导与培养的教育培训机构。 2019年致学优化发展策略，统筹线上线下，规划每年开拓3-5家新校区，实现2020年年销售3亿的目标布局！为了配合公司的发展战略，为沪上中小学生提供更优质的教育服务，正广募天下英才。挑战高薪，成就教育，成就自己，致学教育期待您的加入！ 一、薪资福利1.领先的薪资待遇：底薪（无义务课时）+课时费+续费奖金+绩效奖金+工龄工资，年薪12万-30万轻松拿到手！2.完美的工作时间：周一、二双休，周三-周五8:30-17:30，周六、日8:00-17:003.诱人的福利待遇：社保公积金+落户申请+居住证积分+带薪年假+年度旅游+节日福利+社团活动+员工生日会等；4.清晰的晋升通道：教学晋升通道+校区运营晋升通道学科教师—教研小组长--教研大组长--教学副校长/名师合伙人学科教师—教研小组长—分校副校长--分校校长--合伙人5.完善的培训机制：新教师入职培训12次+组长专业的培训带教+优秀教师培训分享+专业的课程培训+职业素养培训 二、教师职责：1.进行6人小班授课，提供专业高质量的教学服务；2.及时和校区沟通课程进度难度、学生反馈，总结教学得失；3.从教学层面配合班主任，积极与学生、家长沟通，做到家校互促，帮助学生；4.参与学科教学培训和课程教研工作，提高自身学科水平和教学能力； 三、任职要求：1.大学本科及以上学历；有教学经验（尤其是毕业班教学经验）者优先;2.熟悉上海中学学科教材，知识点及考点方向；3.普通话标准，讲课条理清晰，风趣幽默，有互动，能够启发教学；4.善于抓住不同学生的特点，高效地提优补差，有效提升学生成绩； 四、可选择的上班地址上海目前9大校区就近安排入职（地铁零距离）：虹口上外校区：大连西路617号明耀大厦2楼（3/8号线虹口足球场）闵行南方商城校区：古方路18号南方商务大厦11楼（1号线莲花路）闵行七宝校区：漕宝路3459号汇宝广场内汇恒大厦A栋7层（9号线七宝）静安共康校区：共和新路4666 弄11号城市新汇2楼（1号线共康路）普陀华师大校区：中山北路3553号伸大厦8楼（3/4/13号线金沙江路）浦东八佰伴校区：浦东南路1036号18楼（9号线商城路）杨浦五角场校区：国宾路36号万达广场B座14楼（10号线五角场）金桥151校区：金桥杨高北路（12号线杨高北路）杨思校区：浦东杨思路（8号线杨思路）新校区：正在大量选址中，说不定离您家更近了呢！,初中语文教师/老师（8年级、9年级）,https://jobs.zhaopin.com/CC469323285J00299534601.htm,招4人,10K-20K
交通大学,上海,上海九木传盛广告有限公司,CZ120407730,民营,2019-07-25 00:53:53,本科,1-3年,岗位职责：1、良好的文字功底和表达技巧 2、精准的文字组织能力 3、熟悉tvc storyline、radio、软文、主画面、产品说明书，以及网络语言文字等的撰写 4、思维活跃，具备创意热情，参与各类广告创意项目，能独立发表观点 任职要求：文案策划，工作经验1-2年。具备快消品、食品企业广告创意经验者，优先。将你的简历及作品，发送到*************，我们会在收到您简历的第一时间，择优安排面试。,广告文案/广告策划,https://jobs.zhaopin.com/120407737250039.htm,招2人,8K-10K
镇宁路,上海,远誉广告(中国)有限公司,CZ289540810,合资,2019-07-25 00:51:52,本科,1-3年,岗位职责： 1、负责所在区域电台下单工作； 2、与电台保持正常联系，了解电台最新变化，及时更新相关数据信息； 3、及时与各部门保持沟通，优化购买计划；4、协助媒体策划完成报价；  5、完成主管交办的其他工作.   任职资格： 1、新闻传播学、广告、市场营销等相关专业本科以上学历； 2、较强的逻辑性和执行能力，良好的沟通与协调能力；3、有责任心，能吃苦； 4、熟练掌握Excel等相关办公软件；5、有广告经验尤佳。,媒体购买,https://jobs.zhaopin.com/289540811250475.htm,招1人,薪资面议
陆家嘴,上海-浦东新区,爱贝企业发展(上海)有限公司,CZ348677530,外商独资,2019-07-25 18:27:22,本科,1-3年," 岗位职责：1、 参与K12英语教育产品的需求分析和前期调研； 按照公司发展战略，制定的产品研发技术路线整合相关资源，形成企划文案； 2、 参与教育产品研发，包括教案编写、课程设计、测试检查、反馈优化等；3、 参与教育产品的现场执行和服务，例如：产品发布与答疑、教师培训、内部人员宣介等； 参与延伸教育产品的相关工作，例如：书籍出版、学校管理咨询、第三方教育评价等；4、 保质保量地完成领导交付的工作和任务。 任职要求：1、 本科或以上学历（文科类）；2、 有K12英语教育教研相关工作经验 沟通能力强，逻辑思维清晰严谨 3、 优秀的英语听说读写能力，CET-6或TEM-8以上，海外留学经历优先； 4、 执行力、团队协作、学术探究精神； 5、 认可爱贝的教育理念，热爱教育行业。 """,教研专员（课程方向）,https://jobs.zhaopin.com/CC348677534J00179530602.htm,招1人,10K-15K
三林,上海,阔然生物医药科技(上海)有限公司,CZ292641580,不限,2019-07-25 20:49:20,本科,3-5年,1、协助主管领导完成日常事务性工作，协助处理帐务；2、申请开具票据，购买发票，登录销售发票和进项发票明细表，协助办理其他财务报表；3、现金及银行收付处理，制作记帐凭证，银行对帐，单据审核；4、协助财会文件的准备、归档和保管；5、和供应商客户对账，做好产品的出入库及销售收入和成本的对应关系表；6、负责与银行、工商等部门的对外联络以及社保公积金的缴存。7、完成领导交办的其他工作,财务助理,https://jobs.zhaopin.com/CZ292641580J00210425807.htm,招1人,4K-6K
张江,上海,上海动联信息技术股份有限公司,CZ136464880,民营,2019-07-25 20:04:10,本科,1-3年,"职位描述： 1. 负责公司MPOS,全支付POS等设备的客户接入工作。 2. 协调项目的交付管理，包含工具需求整理，测试提交，进度跟进等。 3. 负责售后问题的及时处理，以及制定合适的落地方案。 4. 参与实施、客户技术问题的分析与解决，为市场销售提供技术支撑。 任职资格： 基本资格1. 全日制本科及以上学历，计算机、电子、自动化、通信等相关专业，英语水平CET-4及以上。2. 2年以上相关工作经验，熟练使用C/C++ 等开发所需语言。3. 了解银行卡支付业务，了解智能卡卡片结构知识，熟悉安全相关常用算法。4. 熟练掌握ISO7816/ISO14443协议，熟悉PBOC2.0/3.0 EMV规范，ISO8583协议，POS应用开发规范。优先资格1. 两年以上传统POS、电话POS、MPOS、智能pos等支付类产品应用开发经验优先。",固件开发工程师（应用支持方向）,https://jobs.zhaopin.com/CC136464882J00434630801.htm,招1人,12K-17K
虹桥机场,上海,合肥全息网御科技有限公司,CZ846447660,合资,2019-07-25 20:54:32,本科,3-5年,1、负责公司数据安全及相关产品销售工作，完成销售目标；2、负责区域市场客户开拓及客户关系维护，建立标杆客户；3、协助渠道同事建立和维护合作伙伴关系；4、负责公司产品在当地的品牌推广5、协调公司各方资源完成客户解决方案的撰写输出。 任职资格：1、本科及以上学历，通信、计算机、电子信息相关专业；2、3年以上工作经验，信息安全行业经验者优先考虑； 3、学习能力强，具有创新精神、创造性思维； 4、具有团队意识、良好的关系建立能力、优秀的思维能力和成就导向意识，能承受较高工作压力，上进心强； 5、为人诚信、身体健康、形象气质良好。 ,区域销售经理/总监,https://jobs.zhaopin.com/CC846447660J00331306507.htm,招5人,20K-30K
七宝,上海,上海金璐自动化工程有限公司,CZ835548630,民营,2019-07-25 00:51:37,本科,3-5年,"任职要求：自动化、仪表等专业本科（含）以上学历；2、4年以上工作经验，熟悉CAD制图，精通DCS系统,掌握SIEMENS Step7、WinCC及PCS7的应用；ROCKWELL Logix5000应用, 3、熟悉项目的实施流程，具有2年以上项目管理经验，3年以上项目实施经验。4、熟悉技术标书的制作，善于沟通，有良好的组织协调能力和团队精神。5、需适应出差；能吃苦耐劳；良好的英语水平。",自动化主任工程师,https://jobs.zhaopin.com/CZ835548630J00166698408.htm,招2人,10K-15K
虹桥,上海,上海美华系统有限公司,CZ133867900,股份制企业,2019-07-25 00:51:43,本科,5-10年,"岗位职责：1.深入项目需求分析, 负责JAVA相关技术架构下的框架设计，核心模块设计；2.负责核心模块代码编写，并根据产品开发进度进行任务分配；3.根据公司文档规范安排团队其他成员编写相应的技术文档；4.根据需要实施部署软件，并不断修改完善软件；5. 负责项目工作开展，从项目计划到项目交付环节把控管理工作；6.研究项目技术细节，编写相应的说明书。岗位要求：1、计算机或相关专业本科以上学历，5年以上软件开发经验，其中2年以上带团队开发经验；2、精通Java,熟练掌握Java、JDK与J2EE相关技术；3、熟悉软件体系架构，精通Java语言和面向对象设计方法；4、精通DB2、oracle、sybase中至少一种，有Websphere application server 或Weblogic portal或IBM MB开发经验者优先；5、熟悉UML规范，能使用Rational Rose等辅助工具；6、有责任心，良好的沟通协调能力、团队合作精神。",资深JAVA软件工程师,https://jobs.zhaopin.com/133867901250595.htm,招1人,20K-30K
陆家嘴,上海,上海迅图数码科技有限公司,CZ137255960,民营,2019-07-25 00:53:23,本科,3-5年,    职位描述：           - 完成软件项目需求分析、系统设计、程序开发和测试等工作           - 负责编写项目开发有关的设计文档、测试文档、系统帮助，用户手册等技术文档           - 对系统提供使用培训和后期技术支持    职位要求：           - 计算机或相关专业，本科以上学历，拥有两年以上.Net开发经验           - 熟悉Web应用程序开发，有DHTML、CSS、Javascript、Ajax等相关技术应用经验           - 精通.Net Framework、XML、C#、ASP.Net、ADO.Net、Web Service等开发技术，熟悉三层架构            - 精通SQL Server或Oracle等大型数据库开发            - 能按照规范的软件开发流程，完成软件的设计和编码工作，具有规范的开发文档写作能力            - 具备良好的团队合作意识，较强的自学能力，认真负责的工作态度            - 有大型网站开发经验者优先,.Net 软件工程师,https://jobs.zhaopin.com/137255964250535.htm,招3人,10K-15K
张江,上海,博阳生物科技(上海)有限公司,CZ169769310,外商独资,2019-07-25 00:51:12,本科,1-3年,负责从事抗原、抗体包被、标记；相应实验数据的整理分析，能根据项目要求制定相应的工作计划，完成相应的工作。岗位要求：1、生物医药、高分子材料，有机化学等相关专业，本科以上学历。2、有两年以上工作经验，能独立分析解决问题，具有探索创新精神。3、熟悉抗原抗体性质 ，从事过抗原抗体包被等相关工作者优先考虑。4、工作勤奋、踏实，善于学习，注重细节。5、团队合作意识强，能与同事和睦相处。,制备研发人员,https://jobs.zhaopin.com/CC169769317J00185873904.htm,招1人,8K-10K
漕宝路,上海,北京捷通华声科技股份有限公司,CZ120359450,民营,2019-07-25 17:04:53,本科,不限,岗位描述：    1.负责公司人工智能平台、系统软件包括智能客服、智能语音、智能图像等系统的部署、调测、维护等售后支持工作；    2.负责与客户进行技术交流和产品的现场演示及其点对点产品应答，完成产品的现场演示；    3.负责维护、更新、编写平台或系统软件的技术支持手册、系统部署文档；    4.负责配合客户基于接口级的用户功能定制开发。        任职资格：    1.学历要求：      -统招本科及以上学历。    2.工作经验：       -具有1年或电信级或大并发高可用性大型软件项目的管理实施经验；      -熟练掌握Linux/Unix/AIX 主流操作系统的应用与配置，同时具备较强的操作系统日志分析问题与解决能力；       -熟悉Java中间件（Tomcat、WAS、Weblogic）和数据库（MySql、Oracle、DB2）任意一种优先；     3.能力要求：      -具备良好的沟通能力，能与各层面人员沟通；      -具备优秀的协调能力强，能有效协调各种资源；      -具备团队合作意识，能够主动总结和分享自己的工作经验。    4.优先考虑：      -熟悉C++编程或Java编程（C++优先）者优先；      -具有人工智能行业的实际工作经验者优先。,软件实施工程师（人工智能）,https://jobs.zhaopin.com/CC120359452J00050599314.htm,招1人,10K-20K
徐家汇,上海-长宁区,北京彩翼艺术培训有限公司,CZ353875910,股份制企业,2019-07-25 20:55:41,本科,1-3年,工作内容1. 按照《彩翼“三邀”电话要求》对客户进行邀约，并如实、准确填写《彩翼准学员跟踪表》；2. 准确、及时、更新《彩翼校区课程数据统计表》；3. 按照《彩翼校区试听服务工作规范》对客户进行接待；4. 对客户进行细致的报名工作，严格遵守《彩翼财务制度》；5. 按照彩翼运营体系流程高效执行课前，课后服务工作；6. 配合教学主管和老师完成期中服务；7. 及时完成校长安排的其它工作。  任职要求1、本科及以上学历，市场营销等相关专业；2、最好有2年以上培训学校管理工作经验，有相关工作经历者优先；3、具有良好的道德品质，认同彩翼价值观及理念。,教务（上海）,https://jobs.zhaopin.com/CC353875914J00122809810.htm,招1人,8K-10K
松江新城,上海,上海新农饲料股份有限公司,CZ607442920,民营,2019-07-25 00:50:25,本科,1-3年,工作职责：1、计划管理工作：基于目标达成，根据集团公司制定的工作计划，依据时间节点，跟踪到各部门负责人，并及时针对过程中的问题追踪，做好事前计划、事中跟踪、事后反馈；2、会议管理：基于高效、充分解决问题需求，根据事业部工作计划，组织安排会议。包括但不限于对接所有会议参与人员，确保按时参会、参会人员素材准备完成、会议室提前预定、会议室设备确保正常使用等相关工作，同时针对会议提前进行流程申请、会议内容和决议记录、会后各项各组开展的跟进和反馈等；3、接待管理：集团公司重要客户、客人的接待工作，包含前期对接来访人员行程、住宿、就餐等，客人来访后的参观、会议、考察等，针对客户来访后的友好关系的保持和联络工作；4、董事长和总裁办主任临时交办的相关工作；岗位要求：1、文秘、行政管理等相关专业优先考虑 ；2、全日制大学本科以上学历，2年以上董事长秘书、总裁办助理等岗位相关工作经验；3、形象气质佳、声音甜美、普通话标准；有较强的执行力和良好的服从力；4、良好的表达、沟通、协调、逻辑判断能力；5、能够察言观色，懂得职场礼仪，具备较好的职业素养；,董事长助理,https://jobs.zhaopin.com/CC607442920J00318645505.htm,招1人,8K-10K
闸北公园,上海-静安区,美乐家(中国)日用品有限公司,CZ247229010,外商独资,2019-07-25 08:02:50,本科,3-5年,"负责公司合规制度的制定、修改、完善；审核相关部门提供的文件材料；负责对违反公司规定的案件的处理提供法律意见；针对部分违规案件进行审核并撰写报告；负责公司商标的管理、申请、复审、异议、行政诉讼等；负责对侵犯公司知识产权的侵权行为的处理；负责对新媒体IP侵权的监控及违规处理；负责对公司各部门的日常经营提供合规意见；负责对事业代表的展业提供合规方面的培训；针对具体情况向公司有关人员及领导进行沟通汇报，协调处理意见及实施；最低学历: 法学本科以上相关经验: 3-4年律所或公司法务经历语言能力: 英语六级计算机技能: Microsoft Office(Word, Excel, PowerPoint)证书或其它: 法律职业资格证加分优先     ",合规主管（法务方向）,https://jobs.zhaopin.com/CC247229011J00290041806.htm,招1人,10K-15K
张江,上海-浦东新区,360金融,CZ325465130,上市公司,2019-07-25 00:51:16,本科,1-3年,岗位描述：1、根据信贷政策和业务流程，完成贷前审核工作；2、协助完善授信审核流程、审核条件、审核系统功能提出优化建议。岗位要求：1、有1年以上针对个人资质（非小微业主）大额信贷审核经验者；2、强烈责任心，细致严禁，良好合作意识。,审核专员（大额）,https://jobs.zhaopin.com/CC325465130J00148605015.htm,招5人,7K-10K
张江,上海,上海二三四五网络科技有限公司,CZ555839320,上市公司,2019-07-25 00:51:50,本科,10年以上,岗位职责:1、负责公司移动互联网产品（如天气王、手机助手、手机浏览器等）项目的产品运营工作、团队管理和人员培养；2、负责根据公司战略规划，制定行动方案、完成年度收入目标；3、负责项目实施过程中的进度把控、绩效考核，对最终的结果负责；4、负责制定版本迭代，用户运营等制度，流程，推行标准化。5、负责团队人员选拔，技能培养等工作。任职要求:1、全日制本科及以上学历，专业不限；2、8年以上互联网产品工作经验，2年以上团队管理经验；2、熟悉互联网行业的商业化、产品设计、产品运营等工作，有千万级用户规模产品经验者优先；3、对数据敏感，精通数据建模，用户画像，算法等原理，能独立完成用户数据分析工作；4、为人坦诚直接，对工作有激情、有热情。,产品总监(J11775),https://jobs.zhaopin.com/CC555839323J00291359605.htm,招1人,40K-70K
光新,上海-普陀区,辽宁易道营销传播控股集团有限公司,CZ556931720,民营,2019-07-25 00:52:35,本科,5-10年,岗位职责：1、在集团的直接领导下，主持所属公司经营管理工作；2、组织实施总部决议，完成年度工作计划、年度工作目标；3、建立建全公司统一高效的组织和管理体系；4、能够组织并协调公司内、外部所有关系，保持高效顺畅。 任职要求：1、广告营销、传播及相关企业5年以上同岗位或相关岗位工作经验；2、统招本科及以上学历，经济类、营销类、管理类专业优先； 3、熟悉广告业务，有一定的客户资源；4、熟悉广告业务运作的成本、规律、流程和特点并具备相关知识。,总经理,https://jobs.zhaopin.com/CC556931724J00268002605.htm,招1人,30K-50K
虹桥,上海,上海美华系统有限公司,CZ133867900,股份制企业,2019-07-25 00:51:43,本科,5-10年,"岗位职责：1.深入项目需求分析, 负责JAVA相关技术架构下的框架设计，核心模块设计；2.负责核心模块代码编写，并根据产品开发进度进行任务分配；3.根据公司文档规范安排团队其他成员编写相应的技术文档；4.根据需要实施部署软件，并不断修改完善软件；5. 负责项目工作开展，从项目计划到项目交付环节把控管理工作；6.研究项目技术细节，编写相应的说明书。岗位要求：1、计算机或相关专业本科以上学历，5年以上软件开发经验，其中2年以上带团队开发经验；2、精通Java,熟练掌握Java、JDK与J2EE相关技术；3、熟悉软件体系架构，精通Java语言和面向对象设计方法；4、精通DB2、oracle、sybase中至少一种，有Websphere application server 或Weblogic portal或IBM MB开发经验者优先；5、熟悉UML规范，能使用Rational Rose等辅助工具；6、有责任心，良好的沟通协调能力、团队合作精神。",资深JAVA软件工程师,https://jobs.zhaopin.com/133867901250595.htm,招1人,20K-30K
虹桥,上海-长宁区,浙江联盛合众新能源有限公司,CZ575752120,合资,2019-07-25 00:53:29,本科,3-5年,岗位职责:1.负责EMS功能需求的分析；2.负责EMS整体软件架构的制定；3.负责EMS控制策略的制定；4.负责EMS与其他设备之间通信协议的制定；5.负责EMS上位机软件的开发与调试；6.负责与EMS相关设备的测试与验收。任职要求:1.本科及以上学历，计算机、电力电子或自动控制相关专业；2.具备3年以上相关工作经验；3.具有光伏、储能、充电等相关项目开发经验；4.熟练掌握VC++、Visual Studio、Labview等上位机开发软件；5.熟练掌握SQL Server、Access、Oracle等数据库开发软件。,EMS软件工程师,https://jobs.zhaopin.com/CC575752127J00399116805.htm,招1人,10K-15K
虹梅路,上海-徐汇区,汉堡王(中国)投资有限公司,CZ120490280,外商独资,2019-07-25 00:52:12,本科,3-5年,主要职责1.  根据RSC招聘计划，执行甄选、安排面试、做出选择、安置工作2.  协助全国RMT招聘工作并协助各区完成招聘目标3.  为全国开发新的招募渠道以满足招募需求.4.   HR校准每店一次/年，确保用工合规5.   对于各类供应商进行分析、比价、筛选，时时对供应商产出进行统计和分析，对于表现较差的供应商进行警告。6.   正确汇总各供应商数据，为决策提供依据7.   协助高级招聘经理完成公司招聘工作教育背景、资质和工作经验1.  人力资源、管理或相关专业大学本科以上学历2.  4年以上企业相关招聘工作经验专业知识要求1.  熟悉企业的招聘流程及各种招聘渠道2.  熟悉计算机操作办公软件及相关的人事管理软件3.  具有较好的英文能力软技能/个性特征1.  有良好的人际关系，具备很强的责任感和事业心2.  有良好的职业道德和职业操守3.  较高的敏感度和一定的判断能力4.  性格外向，擅于沟通与协调5.  良好的团队合作意识6.  踏实稳重、有责任心7.  具有餐饮或零售行业猎头经验优先,招聘副经理 (MJ000145),https://jobs.zhaopin.com/CC120490289J00401777005.htm,招1人,10K-15K
曹杨,上海,上海昂声信息科技有限公司,CZ171622510,合资,2019-07-25 00:50:52,本科,3-5年,岗位职责：1、辖区内的销售规划；2、区域内销售人员管理；3、区域内销售的管理和实施；4、客户关系维护；5、区域销售目标考核和完成。 岗位要求：1、本科及以上学历，营销、计算机等相关专业；2、6年以上项目型销售和大客户维护经验，对企业业务流程、管理制度有一定的了解，有软件销售经验者优先；3、具备良好的管理能力，能够把握项目整体的推进和个体的发挥；4、适应经常性的出差，有3年以上驾龄。 ,大区经理,https://jobs.zhaopin.com/171622516250280.htm,招3人,15K-20K
马陆,上海,上海特恩咨询管理有限公司,CZ833974700,民营,2019-07-25 00:50:42,本科,3-5年,"主要职责： 1、车载充电器及DC/DC等功率转换模块的硬件部分开发。 2、负责产品的硬件系统原理设计、拓扑的选择，元器件选型到PCB焊接调试及性能改善等具体工作； 3、负责磁性元件的设计选型及性能改善； 4、编写硬件设计说明、硬件调试说明等相关文档； 5、提出对系统及硬件的进一步改进的要求并评估改进方案是否合理，包括拓扑的选择，系统性能优化，成本优化；6、产品功能测试,元器件测试。7、产品可靠性测试，EMC测试的支持工作。学历及工作经历要求：1.学历：大学本科或以上学历，电器工程专业，电力电子方向优先； 2.熟悉PFC电路 和各种DC/DC转换器拓扑电路及控制算法；熟悉电力电子主被动元件，能够评估各种拓扑电路的性能及成本差异，包括寄生参数影响、输入输出范围、纹波、效率等。熟悉模拟及数字电子技术，熟悉电源系统的各种安全规范及测试标准。熟练掌握电源系统磁设计及EMC解决方案者优先。熟练应用多种电源仿真工具，如LTspice，Saber和Mathlab等；了解汽车产品开发流程如Vmodel， SPICE者优先。3．有较强的逻辑分析能力和学习能力，具备较强的总结能力； 拥有较好的沟通技巧及团队合作精神，较强的责任感及进取精神； 热爱电源系统硬件调试工作，可以胜任重复性工作，工作细致认真，有耐心； 4．语言能力：英语中级，能与国外客户进行很好的沟通。5．PC操作能力: 熟练应用办公自动化软件。6．以前工作主要集中在电力电子应用中，如：o电源系统、UPS等o 大功率充电器，如电动汽车用车载充电器（优先考虑）o 大功率DC/DC，如电动汽车用DC/DC（优先考虑）o 光伏逆变器及其它可再生能源逆变器o工业驱动电子o 在铁路中应用的逆变器及功率转换器7. 其他要求：了解ISO14001环境体系标准和TS16949质量体系标准。",高压硬件开发工程师,https://jobs.zhaopin.com/CZ833974700J00310413007.htm,招2人,15K-20K
虹桥,上海,上海盛联律师事务所,CZ203019510,民营,2019-07-25 00:53:44,本科,3-5年,岗位职责：1、组织制定律所行政部工作发展规划、计划与预算方案；2、制度流程建设、各类会议活动组织、办公环境管理、公司各类采购统筹、固定资产及车辆管理、公司仓储及礼品库管理；3、行政人员考勤、办公区域租赁装修、行政采购体系搭建维护、律所大型年会及重要活动组织；4、执行合伙人对事务所的宣传推广计划，与各媒体平台对接，对事务所网站以及在媒体平台上的常规宣传进行管理，草拟相关推广文章，负责相关的活动摄影、牌照，制作宣传产品；5、执行事务所对外合作的战略计划，包括与国外国内律师事务所的合作接洽，安排各项合作活动的后勤支持；6、执行事务所业务市场开拓计划，包括与事务所各级顾问的诶长联络，协助配合其工作开展。任职资格：1、本科以上学历，企业行政经理工作经验两年以上，有海外工作经历者优先；2、优秀的外联与公关能力，具备解决突发事件的能力；3、较强的分析、解决问题能力，思路清晰，考虑问题细致；4、较强的责任心和敬业精神，良好的组织协调能力及沟通能力，较强的分析、解决问题能力；5、熟练使用办公软件和办公自动化设备；6、具有很强的人际沟通、协调、组织能力以及高度的团队精神，责任心强；7、掌握或肯于学习网络维护管理知识。,律所行政主管,https://jobs.zhaopin.com/CC203019516J00175624708.htm,招1人,8K-12K
长征,上海,上海恒阅企业管理咨询有限公司,CZ511824020,民营,2019-07-25 00:51:36,本科,3-5年,职位描述：1、开拓新客户，完成既定的工作计划和销售目标。2、结合客户品牌调性及营销目的，为客户提供具有创意的礼品营销策划方案并落地执行。3、维护已有的客户并保持良好的客户关系，扩大销售。4、有创意，对时尚有敏锐的洞察力，以客户为导向的服务理念，具有一定的礼品营销理念。5、其他和公司业务相关的销售、市场推广工作。岗位要求：1、有礼品、食品等行业销售经验，有客户资源者优先；2、熟练应用办公软件word、excel、ppt等；3、有敏锐的市场意识、应变能力和独立开拓市场能力；4、与设计部沟通，根据客户的要求设计制作产品的效果，制作PPT提案；5、与采购部沟通，完成产品的样品制作、大货订购及生产交货事宜；6、负责整个项目的管理和控制，及时回收款项，与客户保持良好的关系，不断开拓业务；7、有很强的语言表达能力和沟通能力；8、品貌端正，身体健康。,客户经理,https://jobs.zhaopin.com/511824023250024.htm,招1人,10K-15K
五里桥,上海-黄浦区,北京构力科技有限公司,CZ487579430,国企,2019-07-25 00:51:01,本科,5-10年,1) 负责基于WebGL技术的交互式软件开发；2) 负责Shader编写和优化；3) 熟悉OpenGL，OSG，Three.js 和 Babylon.js等技术和框架的人优先,渲染引擎软件工程师（WebGL）,https://jobs.zhaopin.com/CC487579438J00145172812.htm,招2人,20K-30K
虹桥机场,上海-杨浦区,上海爱投投资管理集团有限公司,CZ400938630,民营,2019-07-25 00:51:48,本科,5-10年,"岗位职责1、中层管理职位，负责其功能领域内主要目标和计划；2、制定、参与或协助上层执行相关的政策和制度；3、负责部门的日常管理工作及部门员工的管理、指导、培训及评估；4、指导并协调财务稽核、审计、会计的工作并监督其执行；5、制定、维护、改进公司财务管理程序和政策，制定年度、季度财务计划；6、向公司管理层提供各项财务报告和必要的财务分析；7、负责组织公司的成本管理工作,；8、进行成本预测、控制、核算、分析和考核，确保公司利润指标的完成。任职资格1、财会、金融、经济、管理等相关专业大专以上学历，有注册会计师资格者优先；2、五年以上财务管理或三年以上同等管理岗位工作经验；3、熟悉国家金融政策、企业财务制度及流程、会计电算化，精通相关财税法律法规；4、较强的成本管理、风险控制和财务分析的能力；5、良好的组织、协调、沟通能力，和团队协作精神，能承受较大工作压力。",财务经理,https://jobs.zhaopin.com/CC400938633J00224455908.htm,招1人,10K-20K
延吉,上海,华太极光光电技术有限公司,CZ722479380,国企,2019-07-25 00:51:49,本科,1-3年,职责：1、根据设计输入完成软件编写和测试工作；2、负责硬件驱动编写，硬件测试程序编写；3、负责软件的升级维护和技术支持；4、负责软件相关技术文档的编写和归档。要求：1、计算机、软件、电子信息、通信专业背景，本科以上学历； 2、精通C/C++开发语言，熟悉MFC，熟练掌握Visual Studio 2013，具有3年以上工作经验；3、有计算机串口、以太网、USB等通信接口开发经验；4、熟悉SQLSERVER，MYSQL，SQLite等常用数据库中的一种；5、有Linux系统下软件开发经验，熟悉QT界面设计者优先，具备AI图像识别实际项目经验的待遇从优；6、有强烈的责任感和团队意识，具有良好的沟通表达能力。,软件工程师,https://jobs.zhaopin.com/CZ722479380J00038320303.htm,招3人,18K-25K
岳阳,上海-长宁区,上海美华系统有限公司,CZ133867900,股份制企业,2019-07-25 00:51:43,本科,5-10年,"岗位描述 1、参与项目需求分析,进行模块的详细设计；2、根据新产品开发进度和任务分配，开发相应的软件模块；3、根据公司技术文档规范编写相应的技术文档；4、根据需要不断修改完善软件，编写相应的说明书；5、完成单元测试。6，带领团队技能要求 1.计算机或相关专业本科以上学历；2. 五年左右vs2005/2008以上版本WEB开发工作经验，有良好的面向对象编程思想及良好的编码习惯； 3. 熟悉WCF开发原理，熟悉WPF或Silverlight开发，有HTML、CSS、JavaScript等Browser端开发经验和winform开发经验； 4. 有sqlserver2000及以上版本数据库开发经验； 5.有一定的框架整体设计经验或能力，有良好的学习能力，熟练阅读英文资料； 6.良好的敬业精神和团队合作精神，热爱软件开发工作。",高级.net软件开发工程师,https://jobs.zhaopin.com/133867901250396.htm,招1人,10K-15K
洋泾,上海,中远海运科技股份有限公司,CZ429109610,国企,2019-07-25 00:51:02,本科,不限,岗位要求：1、能独立编制大中型机电系统工程技术及实施方案，能够编制机电系统项目投标工程预算；2、懂招投标流程，熟悉招标文件编制，特别是招标技术文件的编写，能独立完成投标任务；3、有较强的语言表达能力，具备良好的组织协调及人际沟通能力，应变能力强；4、可以熟练的操作计算机，熟练运用AUTOCAD、OFFICE、PPT等办公软件；5、3年以上招投标工作经验或机电工程施工经验者优先。 岗位职责：1、负责机电工程方案的设计、预算编制、工程投标等工作，独立编制投标文件的技术标；2、配合相关人员对目标项目的前期跟踪工作，提供技术支持工作；3、根据投标或商务需要，进行机电图纸的深化设计工作；4、配合采购部门负责机电工程相关产品的供应商管理、投标项目的设备询价、比价工作；5、负责中标项目技术及预算的交底工作；6、配合市场部经理处理工程投标相关工作；7、完成领导交办的其他事务。,投标工程师（技术）,https://jobs.zhaopin.com/429109610250406.htm,招1人,8K-15K
虹桥,上海-长宁区,浙江联盛合众新能源有限公司,CZ575752120,合资,2019-07-25 00:53:29,本科,3-5年,岗位职责:1.负责EMS功能需求的分析；2.负责EMS整体软件架构的制定；3.负责EMS控制策略的制定；4.负责EMS与其他设备之间通信协议的制定；5.负责EMS上位机软件的开发与调试；6.负责与EMS相关设备的测试与验收。任职要求:1.本科及以上学历，计算机、电力电子或自动控制相关专业；2.具备3年以上相关工作经验；3.具有光伏、储能、充电等相关项目开发经验；4.熟练掌握VC++、Visual Studio、Labview等上位机开发软件；5.熟练掌握SQL Server、Access、Oracle等数据库开发软件。,EMS软件工程师,https://jobs.zhaopin.com/CC575752127J00399116805.htm,招1人,10K-15K
虹桥机场,上海-杨浦区,上海爱投投资管理集团有限公司,CZ400938630,民营,2019-07-25 00:51:48,本科,5-10年,"岗位职责1、中层管理职位，负责其功能领域内主要目标和计划；2、制定、参与或协助上层执行相关的政策和制度；3、负责部门的日常管理工作及部门员工的管理、指导、培训及评估；4、指导并协调财务稽核、审计、会计的工作并监督其执行；5、制定、维护、改进公司财务管理程序和政策，制定年度、季度财务计划；6、向公司管理层提供各项财务报告和必要的财务分析；7、负责组织公司的成本管理工作,；8、进行成本预测、控制、核算、分析和考核，确保公司利润指标的完成。任职资格1、财会、金融、经济、管理等相关专业大专以上学历，有注册会计师资格者优先；2、五年以上财务管理或三年以上同等管理岗位工作经验；3、熟悉国家金融政策、企业财务制度及流程、会计电算化，精通相关财税法律法规；4、较强的成本管理、风险控制和财务分析的能力；5、良好的组织、协调、沟通能力，和团队协作精神，能承受较大工作压力。",财务经理,https://jobs.zhaopin.com/CC400938633J00224455908.htm,招1人,10K-20K
延吉,上海,华太极光光电技术有限公司,CZ722479380,国企,2019-07-25 00:51:49,本科,1-3年,职责：1、根据设计输入完成软件编写和测试工作；2、负责硬件驱动编写，硬件测试程序编写；3、负责软件的升级维护和技术支持；4、负责软件相关技术文档的编写和归档。要求：1、计算机、软件、电子信息、通信专业背景，本科以上学历； 2、精通C/C++开发语言，熟悉MFC，熟练掌握Visual Studio 2013，具有3年以上工作经验；3、有计算机串口、以太网、USB等通信接口开发经验；4、熟悉SQLSERVER，MYSQL，SQLite等常用数据库中的一种；5、有Linux系统下软件开发经验，熟悉QT界面设计者优先，具备AI图像识别实际项目经验的待遇从优；6、有强烈的责任感和团队意识，具有良好的沟通表达能力。,软件工程师,https://jobs.zhaopin.com/CZ722479380J00038320303.htm,招3人,18K-25K
洋泾,上海,中远海运科技股份有限公司,CZ429109610,国企,2019-07-25 00:51:02,本科,不限,岗位要求：1、能独立编制大中型机电系统工程技术及实施方案，能够编制机电系统项目投标工程预算；2、懂招投标流程，熟悉招标文件编制，特别是招标技术文件的编写，能独立完成投标任务；3、有较强的语言表达能力，具备良好的组织协调及人际沟通能力，应变能力强；4、可以熟练的操作计算机，熟练运用AUTOCAD、OFFICE、PPT等办公软件；5、3年以上招投标工作经验或机电工程施工经验者优先。 岗位职责：1、负责机电工程方案的设计、预算编制、工程投标等工作，独立编制投标文件的技术标；2、配合相关人员对目标项目的前期跟踪工作，提供技术支持工作；3、根据投标或商务需要，进行机电图纸的深化设计工作；4、配合采购部门负责机电工程相关产品的供应商管理、投标项目的设备询价、比价工作；5、负责中标项目技术及预算的交底工作；6、配合市场部经理处理工程投标相关工作；7、完成领导交办的其他事务。,投标工程师（技术）,https://jobs.zhaopin.com/429109610250406.htm,招1人,8K-15K
五里桥,上海-黄浦区,北京构力科技有限公司,CZ487579430,国企,2019-07-25 00:51:01,本科,5-10年,1) 负责基于WebGL技术的交互式软件开发；2) 负责Shader编写和优化；3) 熟悉OpenGL，OSG，Three.js 和 Babylon.js等技术和框架的人优先,渲染引擎软件工程师（WebGL）,https://jobs.zhaopin.com/CC487579438J00145172812.htm,招2人,20K-30K
中山公园,上海,知其然营销咨询(上海）有限公司,CZ743418980,民营,2019-07-25 00:50:59,本科,1-3年,"Postion: Senior Research Executive (Qualitative) Working location :Shanghai (near Zhong Shan Park)‍‍‍Main Responsibilities:​- FW: Coordinate with FW agencies, do supervisorbriefing, control FW cost and ensure projects goes well- Reporting: topline / report charting / comments- Client service: able to respond to client enquiriespromptly in a professional manner Job Requirements:- Bachelor Degree or above- 2+ years experience in market research or relatedfunction in either agency side or client side- Excellent English and Mandarin skills both inwritten and oral- Excellent in MS-Office, including Word, Excel andPowerPoint- Strong communication and interpersonal skills- Strong client service sense- Easy-going, and positive attitude- A team player and be willing to work hard under highpressure  Our website: www.sooowhat.com 我们的福利：- 我们为员工提供富有竞争力的薪酬体系（固定工资+ 13薪+季度奖金）；- 培训活动：公司提供资金支持为每位员工量身定制培训课程；- 社保/保险福利：社保及住房公积金，以及额外补充商业保险；-         员工活动：国内外旅游，以及每月部门团队建设；-         其他福利：年假，生日假，每年健康体俭、员工生日会、活动津贴、午餐等； 请投简历至邮箱:joanna.shi@sooowhat.com （请注明期望薪资以及预计到岗时间） 欢迎您的到来！ ",Senior Research Executive (Qualitative) ,https://jobs.zhaopin.com/CZ743418980J00330849303.htm,招2人,10K-15K
马陆,上海,上海特恩咨询管理有限公司,CZ833974700,民营,2019-07-25 00:50:42,本科,3-5年,"主要职责： 1、车载充电器及DC/DC等功率转换模块的硬件部分开发。 2、负责产品的硬件系统原理设计、拓扑的选择，元器件选型到PCB焊接调试及性能改善等具体工作； 3、负责磁性元件的设计选型及性能改善； 4、编写硬件设计说明、硬件调试说明等相关文档； 5、提出对系统及硬件的进一步改进的要求并评估改进方案是否合理，包括拓扑的选择，系统性能优化，成本优化；6、产品功能测试,元器件测试。7、产品可靠性测试，EMC测试的支持工作。学历及工作经历要求：1.学历：大学本科或以上学历，电器工程专业，电力电子方向优先； 2.熟悉PFC电路 和各种DC/DC转换器拓扑电路及控制算法；熟悉电力电子主被动元件，能够评估各种拓扑电路的性能及成本差异，包括寄生参数影响、输入输出范围、纹波、效率等。熟悉模拟及数字电子技术，熟悉电源系统的各种安全规范及测试标准。熟练掌握电源系统磁设计及EMC解决方案者优先。熟练应用多种电源仿真工具，如LTspice，Saber和Mathlab等；了解汽车产品开发流程如Vmodel， SPICE者优先。3．有较强的逻辑分析能力和学习能力，具备较强的总结能力； 拥有较好的沟通技巧及团队合作精神，较强的责任感及进取精神； 热爱电源系统硬件调试工作，可以胜任重复性工作，工作细致认真，有耐心； 4．语言能力：英语中级，能与国外客户进行很好的沟通。5．PC操作能力: 熟练应用办公自动化软件。6．以前工作主要集中在电力电子应用中，如：o电源系统、UPS等o 大功率充电器，如电动汽车用车载充电器（优先考虑）o 大功率DC/DC，如电动汽车用DC/DC（优先考虑）o 光伏逆变器及其它可再生能源逆变器o工业驱动电子o 在铁路中应用的逆变器及功率转换器7. 其他要求：了解ISO14001环境体系标准和TS16949质量体系标准。",高压硬件开发工程师,https://jobs.zhaopin.com/CZ833974700J00310413007.htm,招2人,15K-20K
长征,上海,上海恒阅企业管理咨询有限公司,CZ511824020,民营,2019-07-25 00:51:36,本科,3-5年,职位描述：1、开拓新客户，完成既定的工作计划和销售目标。2、结合客户品牌调性及营销目的，为客户提供具有创意的礼品营销策划方案并落地执行。3、维护已有的客户并保持良好的客户关系，扩大销售。4、有创意，对时尚有敏锐的洞察力，以客户为导向的服务理念，具有一定的礼品营销理念。5、其他和公司业务相关的销售、市场推广工作。岗位要求：1、有礼品、食品等行业销售经验，有客户资源者优先；2、熟练应用办公软件word、excel、ppt等；3、有敏锐的市场意识、应变能力和独立开拓市场能力；4、与设计部沟通，根据客户的要求设计制作产品的效果，制作PPT提案；5、与采购部沟通，完成产品的样品制作、大货订购及生产交货事宜；6、负责整个项目的管理和控制，及时回收款项，与客户保持良好的关系，不断开拓业务；7、有很强的语言表达能力和沟通能力；8、品貌端正，身体健康。,客户经理,https://jobs.zhaopin.com/511824023250024.htm,招1人,10K-15K
虹桥,上海,上海盛联律师事务所,CZ203019510,民营,2019-07-25 00:53:44,本科,3-5年,岗位职责：1、组织制定律所行政部工作发展规划、计划与预算方案；2、制度流程建设、各类会议活动组织、办公环境管理、公司各类采购统筹、固定资产及车辆管理、公司仓储及礼品库管理；3、行政人员考勤、办公区域租赁装修、行政采购体系搭建维护、律所大型年会及重要活动组织；4、执行合伙人对事务所的宣传推广计划，与各媒体平台对接，对事务所网站以及在媒体平台上的常规宣传进行管理，草拟相关推广文章，负责相关的活动摄影、牌照，制作宣传产品；5、执行事务所对外合作的战略计划，包括与国外国内律师事务所的合作接洽，安排各项合作活动的后勤支持；6、执行事务所业务市场开拓计划，包括与事务所各级顾问的诶长联络，协助配合其工作开展。任职资格：1、本科以上学历，企业行政经理工作经验两年以上，有海外工作经历者优先；2、优秀的外联与公关能力，具备解决突发事件的能力；3、较强的分析、解决问题能力，思路清晰，考虑问题细致；4、较强的责任心和敬业精神，良好的组织协调能力及沟通能力，较强的分析、解决问题能力；5、熟练使用办公软件和办公自动化设备；6、具有很强的人际沟通、协调、组织能力以及高度的团队精神，责任心强；7、掌握或肯于学习网络维护管理知识。,律所行政主管,https://jobs.zhaopin.com/CC203019516J00175624708.htm,招1人,8K-12K
光新,上海-普陀区,辽宁易道营销传播控股集团有限公司,CZ556931720,民营,2019-07-25 00:52:35,本科,5-10年,岗位职责：1、在集团的直接领导下，主持所属公司经营管理工作；2、组织实施总部决议，完成年度工作计划、年度工作目标；3、建立建全公司统一高效的组织和管理体系；4、能够组织并协调公司内、外部所有关系，保持高效顺畅。 任职要求：1、广告营销、传播及相关企业5年以上同岗位或相关岗位工作经验；2、统招本科及以上学历，经济类、营销类、管理类专业优先； 3、熟悉广告业务，有一定的客户资源；4、熟悉广告业务运作的成本、规律、流程和特点并具备相关知识。,总经理,https://jobs.zhaopin.com/CC556931724J00268002605.htm,招1人,30K-50K
张江,上海,上海二三四五网络科技有限公司,CZ555839320,上市公司,2019-07-25 00:51:50,本科,10年以上,岗位职责:1、负责公司移动互联网产品（如天气王、手机助手、手机浏览器等）项目的产品运营工作、团队管理和人员培养；2、负责根据公司战略规划，制定行动方案、完成年度收入目标；3、负责项目实施过程中的进度把控、绩效考核，对最终的结果负责；4、负责制定版本迭代，用户运营等制度，流程，推行标准化。5、负责团队人员选拔，技能培养等工作。任职要求:1、全日制本科及以上学历，专业不限；2、8年以上互联网产品工作经验，2年以上团队管理经验；2、熟悉互联网行业的商业化、产品设计、产品运营等工作，有千万级用户规模产品经验者优先；3、对数据敏感，精通数据建模，用户画像，算法等原理，能独立完成用户数据分析工作；4、为人坦诚直接，对工作有激情、有热情。,产品总监(J11775),https://jobs.zhaopin.com/CC555839323J00291359605.htm,招1人,40K-70K
岳阳,上海-长宁区,上海美华系统有限公司,CZ133867900,股份制企业,2019-07-25 00:51:43,本科,5-10年,"岗位描述 1、参与项目需求分析,进行模块的详细设计；2、根据新产品开发进度和任务分配，开发相应的软件模块；3、根据公司技术文档规范编写相应的技术文档；4、根据需要不断修改完善软件，编写相应的说明书；5、完成单元测试。6，带领团队技能要求 1.计算机或相关专业本科以上学历；2. 五年左右vs2005/2008以上版本WEB开发工作经验，有良好的面向对象编程思想及良好的编码习惯； 3. 熟悉WCF开发原理，熟悉WPF或Silverlight开发，有HTML、CSS、JavaScript等Browser端开发经验和winform开发经验； 4. 有sqlserver2000及以上版本数据库开发经验； 5.有一定的框架整体设计经验或能力，有良好的学习能力，熟练阅读英文资料； 6.良好的敬业精神和团队合作精神，热爱软件开发工作。",高级.net软件开发工程师,https://jobs.zhaopin.com/133867901250396.htm,招1人,10K-15K
七宝,上海,上海英闪教育科技有限公司,CZ667645120,民营,2019-07-25 18:34:52,本科,3-5年,岗位职责：1、负责依据中心整体运营目标，把控中心教学和学术工作的关键指标;2、负责培训、管理和定期考核中外籍教师及助教，培养学术人才梯队;3、负责评估和把控中心教学质量及沟通工作质量，确保教学人员提供高质量的产品和服务;4、负责定期与学员家长沟通，及时发现并解决问题，提高家长满意度和学生续班率;5、负责教学部和其他部门的协调工作，为中心的招生工作出谋划策;6、负责处理日常发生的各种突发紧急状况;任职要求：1、本科以上学历，英语培训中心3年以上的外语教学经验，特别是3-16岁少儿英文教育;2、具有至少2年的中心管理学术团队的经验;3、理解中国家长对孩子教育的思维模式、有耐心，并且具有很强的解决问题的能力;4、热爱教育事业，认真负责，团队协作，极好的沟通技能、演讲演示技能和领导技能，能够承担较大的工作压力;5、喜欢孩子，有爱心，积极热情，亲和力佳， 服务意识强，责任心强;,英语教学主管（七宝万科中心）,https://jobs.zhaopin.com/CC667645129J00244702301.htm,招1人,10K-15K
漕河泾,上海,上海控宇自动化仪表有限公司,CZ205154920,民营,2019-07-25 00:52:03,本科,不限,1、测控、仪器仪表、自动化、电子工程等电子类相关专业。2、 熟悉单片机开发的软、硬件环境，根据原理图要求，能独立编写软件流程图，编写程序，有良好的编程风格和习惯，能根据需求文件编写程序，满足产品设计需要；3、有良好的单片机、传感器、数模电路等基础知识，熟悉PCB绘图软件，精通PROTEL或AD10等，能熟练绘制PCB板。4、熟悉C和C++语音或汇编语言，熟悉常用的单片机(msp430，ARM等)，有项目经验者优先。5、具备良好的文档编写能力和习惯，能够编写规范的设计、调试、用户文档； ,单片机开发工程师,https://jobs.zhaopin.com/CC205154927J00391563805.htm,招2人,6K-12K
新天地(自忠路),上海-黄浦区,上海朗阁教育科技有限公司,CZ145939110,民营,2019-07-25 00:52:22,本科,1-3年,任职资格:1、本科以上学历，二年以上留学语培公司市场销售管理经验；2、留学项目招生及各类市场渠道拓展经验丰富，具备良好的市场拓展、项目协调及谈判能力；3、具有较好的语言表达沟通能力、逻辑思维能力及协调能力；4、优秀的公关谈判能力，犀利的市场洞察力，独立策划、开发市场的能力，良好的个人形象；5、做事认真踏实，为人正直，抗压力强，有良好的职业素养；6、认同公司企业文化，诚实守信，有事业心和责任感。工作职责:1、根据公司战略规划，全面统筹计划、安排和管理市场销售工作，完成目标任务；2、制定集团市场推广方案，全方位开拓渠道，并对渠道进行有效的管理和维护，为咨询服务提供有效客户资源；3、进行留学市场调研，完成市场分析报告，制定市场预算并实施，对市场投入的效果进行控制管理；4、策划并定期举办线下市场推广活动，负责各项推广活动的主题、文案的拟定与计划管理以及后期跟进活动进展，并对活动及时作出总结；5、带领团队完成销售任务；6、完成各类数据统计和分析工作，负责团队的日常管理。,市场总监,https://jobs.zhaopin.com/CC145939113J00249589808.htm,招1人,20K-30K
高桥,上海-徐汇区,上海斯歌信息技术有限公司,CZ235272310,外商独资,2019-07-25 00:53:23,本科,5-10年,"岗位职责：1、参与项目规划工作，协助项目经理完成技术方案编写，负责项目核心代码开发；2、能够顺畅完成项目组内部协作，承担项目组导师职位负责团队技术提升；3、负责功能模块的设计模型、数据库设计等总体模块设计；4、完成系统的性能优化和完善工作；5、负责项目开发任务的分解和分配，并督促开发人员按进度执行; 任职要求：1.计算机及相关专业本科及以上学历，5年以上java开发经验;2.熟练掌握SpringMVC的开发框架。能帮助团队解决日常开发中遇到的各种Bug及问题。对spring的底层原理了解，能对spring进行调优;3.精通SQL性能调优，熟练掌握复杂SQL查询的编写，熟练掌握主流关系型数据库的设计与维护（如：MySQL、Oracle、PostgreSQL，Sqlserver等）;4.熟练掌握tomcat、jetty等web容器部署，熟练使用nginx、apache进行负载均衡配置。5.掌握至少一种nosql数据库，redis或mongodb。6.有spring boot、spring cloud、 docker经验者优先；7.有activiti工作流开发经验优先；8.有持续集成经验者优先9.具有良好的沟通能力及合作精神，工作主动性强，善于自学、有耐心、责任心强;善于沟通，具有团队协作精神和较强的集体荣誉感.10、工作态度积极，有较强的表达和具有良好的沟通能力、团队配合精神,能够在工作压力下完成工作任务；11、对业务需求有良好的理解能力、有良好而规范的编程习惯和技术文档编写习惯；12、有K2实施经验者的优先;13、带过团队",java开发经理,https://jobs.zhaopin.com/CC235272319J00224123608.htm,招2人,12K-20K
七宝,上海,苏州市普实软件有限公司上海分公司,CZ407513610,股份制企业,2019-07-25 00:50:24,本科,1-3年,薪资待遇：1、 薪资5500元/月+ 项目佣金 + 年终奖2、 缴纳五险一金3、 福利：带薪年休假、旅游福利、团队活动经费、生日津贴、无息贷款福利岗位要求：1.普通全日制院校本科及优秀大专生，英语四级以上，计算机、财会、应用数学、信息等相关专业；有经验者优先，待遇面谈。2.了解数据库理论，了解SQL数据库，能编写简单SQL语句；3.思维清晰敏捷，逻辑分析能力强；善于学习，具有分析、解决应用问题的能力；4.工作积极、态度主动，对工作任务和工作进度的完成具有高度的责任感，有良好的品质；5.为人诚信、爱岗敬业、工作踏实认真，具有良好的团队合作精神；良好的沟通能力及书面表达能力；{~SC CC407513619 SC~}{~CQ 2028 CQ~},实施工程师,https://jobs.zhaopin.com/CC407513619J00067059602.htm,招4人,4K-6K
漕河泾,上海,上海育景系统集成有限公司,CZ588783920,民营,2019-07-25 20:10:53,本科,不限,工作内容：1、负责电子商务产品培训方案设计、课程设计；2、负责电子商务产品业务咨询、产品演示等工作；3、定期编制电子商务专业课程的教学计划，编写授课课件；4、根据教学大纲和课程要求完成授课工作；5、负责学校项目跟进、执行；6、协助部门主管完成培训任务、项目任务。 任职资格：1、本科及以上学历，计算机、软件和信息管理类、电子商务、教育类专业优先；2、优秀的书面与口头表达能力，较强的逻辑性、协调能力和组织能力；3、能熟练使用office工具制作课件，能熟练使用Photoshop者优先；4、普通话标准，具有亲和力；5、工作态度严谨、善于沟通，能在压力下工作。,培训讲师（电子商务）,https://jobs.zhaopin.com/588783922250010.htm,招2人,6K-10K
十六铺,上海-黄浦区,上海豫园旅游商城股份有限公司,CZ191832520,上市公司,2019-07-25 16:40:34,本科,1-3年,1、 负责部分国内外公司全盘会计处理2、 负责协助税务相关工作3、 编制财务报表及相关附注4、 上级安排的其他工作教育水平  全日制本科及以上工作经验  1-2年专业知识  会计及相关专业，会计优先能力素质  会计初级证书及以上其他要求  熟练使用用友NC、OFFICE等办公软件。责任心强，抗压能力强，能接受加班，有良好的团队协作与沟通能力。,总账（共享中心）,https://jobs.zhaopin.com/CC191832528J00392013505.htm,招1人,8K-10K
七宝,上海-闵行区,中国露营地连锁管理有限公司,CZ454730530,外商独资,2019-07-25 00:53:02,本科,1-3年,岗位职责：1、协助项目进行视觉插画设计相关工作，包括包装、LOGO、动画形象、海报、页面等设计制作；2、参与项目视觉创意相关的头脑风暴，准确运用插画表达出产品的理念和创意，为项目提供插画视觉艺术方面的想法及建议；3、为日常的运营活动及功能维护提供美术及插画支持；4、有自己的创意和想法，有丰富想象力，并积极交流，与各部门配合，确保项目进展及质量。任职要求：1、一年以上工作经验，有4a公司工作经验优先，会插画的优先；2、美术、艺术设计、视觉传达、广告设计相关专业毕业，拥有良好的美术基础，熟练使用手绘板，扎实的手绘能力，热爱插画艺术，能承受工作压力；3、手绘创作经验，对包装、画册、海报设计等有广泛经验；4、有较高的审美眼光，对各种插画风格有所了解，注重细节表现；5、脑洞大，有趣，可以handle多种插画风格，或有自己较为擅长的插画风格与领域；6、熟练操作Photoshop、Illustrator、Indesign 等设计软件，精通各类手绘常用工具（线稿和色稿）；7、能根据项目需求进行创意性发挥，适应不同主题，富有表现力。,平面设计师（精通手绘）,https://jobs.zhaopin.com/CC454730538J00042794206.htm,招1人,8K-10K
九亭,上海-松江区,欧科佳（上海）汽车电子设备有限公司,CZ142243610,外商独资,2019-07-25 18:05:19,本科,1-3年,岗位职责：1、规划、申报、管理和验收政府科技项目，并为此开拓、建立、维护政府相关委办的关系；2、按客户要求，提供相关的供应商调查资料；3、按招标方要求，提供相关投标资料；4、管理和运营公司微信公众号和网页；5、参与公司各项品牌推广活动。职位要求：1、本科及以上学历，汉语言文学相关专业；2、良好的写作能力和信息收集整理能力；3、熟练使用Word、PPT、EXCEL。,市场助理,https://jobs.zhaopin.com/142243618250263.htm,招1人,5K-6K
虹桥,上海-徐汇区,上海逐元教育科技有限公司,CZ531225930,合资,2019-07-25 17:06:19,本科,1-3年,职位描述：1.具体评估学员情况，帮助匹配合适导师；2.管理学生与导师辅导进程，通过对每一环节关键点把控，降低服务风险、提升服务满意度；3.在培训过程中，适量对学生的辅导带教工作（在导师无法及时解答学生疑问时，帮助学生解决问题）；4.公司内部的跨部门沟通协调任职要求：1.猎头或HR背景佳（对于各个行业或者岗位比较了解的人选）2.工作经验1-3年左右3.有比较出色的规划意识/计划性、主动性、沟通表达能力、辅导sence（会有培训）、洞察力。,职业咨询顾问,https://jobs.zhaopin.com/CZ531225930J00292122102.htm,招1人,7K-10K
金桥,上海,美国Selleck生物科技有限公司,CZ167420220,合资,2019-07-25 20:13:33,本科,不限,岗位职责：1、通过多种渠道寻找原料供应商，开拓有价值的供应商渠道；2、搜集、考察及评估供应商信息，优化供应商体系，合理控制成本，确保产品稳定供货；3、建立完善的供应商档案；4、按时完成主管安排的其他事项。任职条件：1、本科及以上学历，专业不限；2、工作认真负责，具有较强的协调沟通能力。  ,项目专员/供应商开发/供应商管理/有机合成,https://jobs.zhaopin.com/167420227250196.htm,招2人,6K-12K
漕宝路,上海-闵行区,上海傲文网络技术有限公司,CZ280462480,民营,2019-07-25 00:53:31,本科,3-5年,工作内容：1.react相关技术栈搭建；2.webpack项目环境配置、模块开发、打包；3.redux相关工作流设计管理；4 团队疑难技术问题解决。 任职资格：1. 本科毕业，3年以上Web应用开发，精通React，Redux 和typescript的使用；2.  精通HTML5/CSS3/JavaScript/Ajax/Jquery的开发，系统掌握各语言的最新标准，对各类数据结构、算法、网络、编程思想、设计模式、敏捷开发理念等有所了解；3.  具备React/Vue.js/AngularJS等至少一种主流前端框架的使用经验，熟悉前端常见工具库和框架，对于设备兼容性、前端性能、前端安全、自动化测试等有实际应用或处理经验；4.  具备良好的沟通协调能力和强烈的责任心，拥有快速学习能力，能够主动拓展自己的知识和视野，持续更新对前端相关的最新技术和标准的认知；5. 具备webpack/node开发经验优先考虑6. 有Adobe AEM开发经验的优先考虑，有SSR(服务器端渲染)和SEO经验的优先考虑,React 高级前端,https://jobs.zhaopin.com/CC280462485J00379930801.htm,招1人,10K-20K
古北,上海,上海环信环境工程有限公司,CZ463895810,民营,2019-07-25 20:29:17,本科,1-3年,岗位职责：1.市场前期技术方案编写；2.市场前期与业主技术交流；3.项目实施工艺设计；4.项目后期现场技术服务；5.协助采购人员做好采购事宜；6.负责上级交办的临时事项。岗位要求：1.学历要求：大学本科及以上学历，化工工艺专业或环保专业；2.工作要求：（1）熟悉化工及危废工艺设计；（2）熟练应用AutoCAD制图和化工相关软件；（3）能适应设计院的工作强度；（4）思维敏捷，有较强的创新能力；（5）语言.思路清晰，有较强的沟通能力；（6）有责任心，具有团队合作精神；（7）对前期技术交流有相关的丰富经验。3.相关要求：五年以上化工设计工作经验，具有中级以上职称者或同行业工作经验者优先。,环保工艺工程师,https://jobs.zhaopin.com/463895817250074.htm,招1人,8K-10K
五角场,上海-杨浦区,上海颐高投资集团有限公司,CZ428433610,民营,2019-07-25 00:52:32,本科,5-10年,"工作职责：1. 根据公司中长期经营计划，组织编制年度综合财务计划和控制标准;2. 建立、健全财务管理体系，对财务部门的日常管理、年度预算、资金运作等进行总体控制;3. 主持财务报表及财务预决算的编制工作，为公司决策提供及时有效的财务分析;4. 对公司税收进行整理筹划与管理;5. 比较精确的监控和预测现金流量，确定和监控公司负债和资本的合理结构;6. 对公司重大的投资、融资、并购等经营活动提供建议和决策支持，参与风险评估、指导、跟踪和控制;7. 与财政、税务、银行等相关部门建立并保持良好的关系。任职资格：1. 本科以上财务金融类专业，中级会计师以上职称;2. 8年以上商业地产财务副总监管理工作经验,至少有2-3个完整的项目经验；3. 具有全面的财务专业知识、账务处理及财务管理经验;4. 熟练操作企业成本管理体系和全面预算管理体系;5. 受过管理学、战略管理、管理能力开发、企业运营流程、财务管理等方面的培训;6. 精通国家财税法律规范，具备优秀的职业判断能力和丰富的财会项目分析处理经验;7. 熟悉会计准则以及相关的财务、税务、审计法规、政策;8. 为人正直、责任心强、作风严谨、工作仔细认真;9. 有较强的沟通协调能力、有良好的纪律性、团队合作以及开拓创新精神。",财务副总监,https://jobs.zhaopin.com/CC428433612J00280668802.htm,招1人,20K-25K
泥城,上海,上海择捷智能科技有限公司,CZ792137480,其它,2019-07-25 17:10:13,本科,1-3年,工作内容：1、参与软件项目设计、开发工作。2、了解常用数据结构以及算法、数据库相关开发优先3、了解软件工程思想以及能熟练运用于实际开发工作中职位要求：1、有专业的开发团队2、1~3年开发工作经验。3、处事细心，具备一定耐心及抗压能力,兼职软件开发团队,https://jobs.zhaopin.com/CZ792137480J00402305805.htm,招4人,8K-10K
人民广场,上海,上海链家房地产经纪有限公司,CZ307313210,民营,2019-07-25 17:37:50,本科,不限,"【不一样的岗位特色】1、新员工入店，熟悉了解所在商圈；2、积累客户信息与房源资源；3、负责客户的接待、咨询；4、详细了解客户的需求，做好信息的合理匹配，提供合适房源；5、根据客户意向，带客户看房并进行周边环境介绍；6、进行商务谈判，促成房产经纪买卖和租赁业务成交；7、负责业务跟进、客户信息登记及客户关系维护等后续工作；8、为客户提供良好的客户服务，与客户建立良好的业务协作关系；【你希望的我们都有】1.  试用期底薪 5000 元+3000 绩效（4.1-7.31 入职首月额外补贴 1000），转正后租赁统提 50%，买卖提成 20%-70%（级别越高，提成越高）2. 团队年轻态，氛围轻松，国家传统节日发放丰厚物资福利，带薪年假及公休假，社会保险，内部员工租房，购房优惠，月度聚餐及周边团队游；3. 开单赢大奖出国游，年度精英社奖金奖品加免费出国游，迎亲情带家人在人民大会堂奖励大会及国宴；培养机制：a.  封闭式 5 天4 夜岗前带薪培训；b.  入职后师傅一对一带教体制；c.  多媒体课堂，牛人讲师授课，随时在线学习； d. 知名的营销课程培训，定期区域沙龙分享交流经验。晋升机制：1.横向晋升（业务层面）：随着职位级别的增高，工资提成点也会增高；2.纵向晋升（管理层面）：房产经纪人---店经理---商圈经理---运营总监---运营总经理【我们希望你】1、全日制统招本科以上学历，年龄 18-36 周岁；2、学习能力强，积极向上,乐观并且喜欢与人沟通；3、喜欢与人交流，有强烈成就动机，敢于挑战高薪，认可付出 = 收获的理念；4、性格坚韧，战斗力超强，具备在困难、挫折、艰苦的逆境中生存的能力；5、欢迎优秀的应届毕业生加入我们！",置业顾问+8K底薪+大平台,https://jobs.zhaopin.com/CC307313213J00298369202.htm,招5人,8K-10K
江桥,上海,上海锐宇流体系统有限公司,CZ690122820,民营,2019-07-25 16:55:22,本科,不限,技能要求：1：电气/自动化/测控相关专业本科以上学历2：具备PLC/HMI编程能力3：有化工项目工作经验者优先,电气工程师,https://jobs.zhaopin.com/CZ690122820J00366181503.htm,招3人,8K-10K
徐泾,上海,德邦物流股份有限公司,CZ156976020,民营,2019-07-25 00:52:52,本科,不限,岗位介绍：1、负责全公司日常会计核算、月度账务处理工作，2、负责全公司财务数据支持及分析工作；3、协助财务总监做好其他公司要求的相关工作。4、合理分摊和计提相关费用，编制相关费用台账，按部门辅助核算编制相关会计凭证。,财务费用核算专员,https://jobs.zhaopin.com/CC156976022J00166698605.htm,招10人,4K-6K
惠南,上海,德邦物流股份有限公司,CZ156976020,民营,2019-07-25 00:53:42,本科,不限,一、【岗位要求】：1、全日制统招大专及以上学历，20~28岁。2、有较强的抗压能力，沟通能力佳，有上进心。3、认同企业文化及发展方向，愿意从基层开始。4、有优秀学生干部/班干部经历优先。二、【薪资福利】：1、综合工资：月薪5000-8000元，月休6-8天，灵活排班；2、社保、各类带薪休假（法定假日、年假、婚假、产假、陪产假等），提供高于同行业具有竞争力的薪资水平；3、公司99%的管理人员由内部产生，所有员工可以选择管理或专业两条道路发展；4、公司为员工提供各种培训机会，德邦学院根据员工的岗位类别，组织各种业务、工作、能力提升等相关内部培训与户外拓展，如：新员工入职培训，储备经理、高级经理培训、会计培训，专业业技能培训等相关脱产带薪培训。5、入职满1年可享受每月“亲情1+1”（公司补贴100元，员工自己提供100元，每月固定200元打入父母帐户），集体生日等；6、配车福利：公司为每位区域经理级及以上人员配车；三、【晋升机制】：1、管理通道晋升：经理（周期0.6-1年）--高级经理（周期2-3年）--总监（周期3-5年）2、专业通道晋升：专员（周期0.6-1年）--高级专员（周期2-3年）--资深专员（周期3-5年）四、【岗位职责：统计分析员】1、对部门的数据进行实时收集、更新、汇总，保证领导及时了解部门最新的各项业务数据；2、根据部门考核指标，跟踪、反馈部门的各项异常数据，从而减少部门异常、降低操作差错率；3、定期对部门的数据进行分析，制定相应的解决方策，为领导的决策提供数据支持；五、【岗位定位】：公司储备管理人员，按照公司的规划和要求，进行部门营销和客户维护活动；配合经理完成部门工作，提升部门收入，完成部门指标，对内营造良好工作氛围，对外展现良好的德邦形象。【温馨提示】：此招聘为公司直招，德邦物流股份有限公司及其下属分公司在招聘过程中不收取任何费用、押金等，敬请各位求职者知晓，以免受骗损失财物。,DPSHD-统计分析员管培生(浦东总部),https://jobs.zhaopin.com/CC156976022J00398435105.htm,招5人,5K-8K
人民广场,上海,上海朗盛教育信息咨询有限公司,CZ402987710,合资,2019-07-25 00:52:45,本科,3-5年,任职要求：1.本科学历以上，教师资格证书（数学专业）2.三年以上中学数学学科教龄，有IGCSE/A Level教学经验者优先；3.具有英语教学能力；4.具有海外留学经验，班主任经验者优先；5.身心健康、热爱学生、热爱教育事业；6.具有高度的责任心、较强的团队协作精神及沟通能力；7.具有先进教育教学理念和勇于创新的精神。职责范围1.担任中学双语数学教学工作，参与学科的相关研究；2.激发学生的学习兴趣，培养学生养成良好的学习习惯，掌握高效的学习方法；3.完成领导安排的其它教学辅助工作。,双语数学老师,https://jobs.zhaopin.com/CC402987717J00191764604.htm,招3人,10K-20K
,上海-浦东新区,上海新上化高分子材料有限公司,CZ227469810,不限,2019-07-25 19:03:31,本科,1-3年,岗位职责1、负责公司电气设备运行管理可，独立完成包括电气系统图、电气部件选型等工作；2、负责电器控制系统的管理，能够根据生产工艺要求提出自动化控制方案，对原有系统提出改造方案；3、负责电气及仪表设备的日常维护、维修、检验管理工作，确保各电气、仪表设备的稳定运行；4、负责现场电气、自动化设备的安装、调试指导工作以及现场技术支持工作；5、参与公司新建项目的设计管理、施工管理和调试工作；6、协助完成设备管理相关工作。任职资格1、本科以上学历，电气及自动化或相关专业；2、熟悉工业电气设备及各种常规仪表工作原理与控制原理，有化工工厂经历从优；3、熟练使用CAD软件制图（电气图、控制流程图、控制程序）了解电器控制程序；4、熟悉各类传感器、变频器、PLC和电机驱动器的性能特性、技术参数及应用场合；5、具备团队协作素质。福利待遇1、年底双薪2、带薪年休假3、免费班车4、通讯补贴,电气工程师,https://jobs.zhaopin.com/CZ227469810J00294318506.htm,招1人,6K-8K
,上海-徐汇区,邦缔实业(天津)有限公司,CZ578776880,民营,2019-07-25 00:50:28,本科,1-3年,Role Purpose 职位目标：Responsible for providing efficient & timely support to National Sales Director and sales team and provide supports / co-ordination with various function teams为全国销售总监提供有效及时的各项业务支持工作，并协调处理工厂、客户、销售团队等各个部门的联络工作主要工作职责负责及协助销售总监进行销售管理工作，包括部门工作信息更新及传递，配合制定部门内部各种相关流程、制度。配合销售总监做好日常业务报告的收集和整理，管理和整理代理商合同，协助销售人员进行销售订单的处理。协助管理部门日常费用预算和行政支出，安排部门会议，准备演示文稿，销售数据准备及汇总，安排会议纪要并检查跟进行动进度。接待外部客户，协调外部客户进行各项活动，为外部客户提供有效支持。为区域和总部相关人员提供有效沟通和支持。协助部门人员的日常差旅工作，安排行程及预约，为部门安排费用报销。协助销售部和工厂进行沟通和衔接，尤其是做好订单处理的沟通和协调。 上海销售总部的备用金管理：包括各类费用支出统计，所有发票的汇总黏贴报账。物业管理：与大楼物业良好沟通，保证各种物业款项的及时支付及报账采购执行：行政类采购、分发及管理，包括各种办公用品、办公设备等办公室管理：负责办公室环境和各项设备的管理，包括办公室清洁阿姨的管理                职位要求大学本科以上学历，年龄24-32容貌端正，性格稳重、仔细，易于沟通应聘人定位于上海稳定工作，有上海户籍者优先二年以上相关工作经验，有外资企业同类工作经验者优先能熟悉使用电脑及各种办公应用软件，能够熟练使用PPT报告英语四级以上，有一定的读写能力,销售总监助理,https://jobs.zhaopin.com/CZ578776880J00160924810.htm,招1人,6K-9K
,上海-青浦区,上海链家房地产经纪有限公司,CZ307313210,民营,2019-07-25 18:54:10,本科,不限,上海链家总部直招，不收任何招聘费用，为了避免公司收到重复简历，请您针对链家投递一份简历即可，有疑问联系总部HR李小姐13061893063 公司简介：链家房地产经纪有限公司（以下简称“链家”）成立于2001年，是一家集房产交易服务、资产管理服务为一体以数据驱动的全价值链房产服务平台，业务覆盖二手房交易、新房交易、租赁、装修服务等。链家目前已覆盖北京、上海、广州、深圳、天津、成都、青岛、重庆、大连等30个地区，全国门店数量约8000家，旗下经纪人超过13万名。为不断提高购房服务体验，链家积极布局线上平台。目前线上已覆盖PC端、链家APP、链家网手机版等终端，是具备集房源信息搜索、产品研发、大数据处理、服务标准建立为一体的综合型房产服务平台。平台为买卖双方用户提供全面真实的房产相关信息及咨询服务，并满足用户估价、约带看等个性化服务。旨在不断提高服务效率、提升服务体验，为用户提供更安全、更便捷、更舒心的综合房产服务。,社区运营,https://jobs.zhaopin.com/CC307313213J00281221702.htm,招4人,8K-10K
马陆,上海-嘉定区,上海未替奇企业管理有限公司,CZ510145130,民营,2019-07-25 14:30:47,本科,不限,工作职责：1、教授英语课程；制定授课计划和课前准备，在课堂上配合外籍教师授课；2、协助校方管理，对学生进行课前辅导与课后预习，督促学习进度和效果；3、收集学生的反馈信息并及时做出回复，协助处理学生投诉；4、配合学校组织的各种教学活动和市场活动。 任职要求：1、男女不限，英语专业本科以上学历，具有教师资格证者优先；2、1年以上教育行业工作经验，优秀的汉语和英语语言能力，发音清晰准确，熟练操作Office办公软件；3、具有责任心和团队意识，良好的沟通、组织和管理能力； 4、有爱心，积极，热情 ；5、热爱教学，热衷于投身教育事业。 加入我们，您将获得：* 舒适、整洁的工作环境，轻松、愉快的工作气氛* 广阔的职业提升空间，公平的晋升机制；* 完善的社会保险制度；* 人性化的福利：带薪年假、法定节假日等福利* 完善的入职培训+在职培训机制；* 员工子女入学享受折扣至学费全免的优惠……  爱贝国际少儿英语官网页面：www.abiechina.com；,英语老师/英语助教——上海嘉定大融城校区,https://jobs.zhaopin.com/CC510145135J00060721602.htm,招1人,6K-8K
顾村,上海-宝山区,上海埃飞电子科技有限公司,CZ404664630,合资,2019-07-25 22:02:36,本科,1-3年,"上海埃飞电子科技有限公司公司隶属于WAD（H.K）集团旗下子公司。专业代理和生产高端科研类仪器和设备，公司代理德国，英国，美国，瑞士，中国台湾各类尖端仪器设备，并在电子行业，物理研究，光电领域，新能源领域享有盛名。公司目标是做成全球知名的代理分销商，涉及不同行业领域。所以现在诚邀有志之士加盟我们团队，由于公司处于发展期，今后会在全国各重要城市建立分公司，只要你有能力就一定能在我们公司找到你的位子和价值.我们的客户：清华大学，北京大学，复旦大学，华中科技大学，哈尔滨工业大学，中山大学，中科院物理研究所，中科院蛋白质所，中科院过程所，中科院光电所，3M，拜耳，GE，HP，华为，ABB，KUKA，YASKAWA，秦山核电站，核能设计院等等，涉及行业：生物，机器人，核能，运动康复，流体，外太空，新能源各领域。Our company specializes in agency or production testing of the instruments and equipment, agenting from Germany, the United Kingdom, the United States, Switzerland, Taiwan all kinds of advanced equipment. In the electronics industry, physics research, the field of optoelectronics, the field of new energy is prestigious. Our goal is to do the world's leading agents and distributors, involving different industries. So we invite people with lofty ideals to join our team. With the development of the company, future will be to establish branches in important cities across the country, as long as you have the ability we will be able to find your place and value in our company.Our clients: Tsinghua University, Peking University, Fudan University, Huazhong University of Science and Technology, Wuhan Institute of physics, Institute of physics, Chinese Academy of Sciences, Chinese Academy of Sciences, CAS process Institute, Chinese Academy of Sciences, 3M, Bayer, GE, HP, HUAWEI, ABB, KUKA, YASKAWA, Qinshan nuclear power station, nuclear power plant Institute and so on, involving industries: biology, robotics, nuclear power, sports rehabilitation, fluid, outer space, new energy fields.  职位描述：1.熟悉仪器和设备产品的应用和使用2.通过各种方式寻找到潜在客户3.拜访客户，并讲解仪器设备的应用和硬件功能4.熟知订单操作流程，如报价，与不同客户的交流技巧，招标，订货，发货，收款。5.每周需要发布反馈市场和客户情况给上司6.需要适应国内出差，必要时候需要出国7.懂得如何开发各地经销商8.达到任务目标，完成规定业绩9.工资构成结构（稅后）：底薪＋补助（交通，电话，住宿）＋岗位津贴＋奖金＋提出＋各福利10.完成目标年薪：15－35万人民币11.工作地点：上海 岗位要求：1.必须有责任心，进取心，有韧劲，有事业心2.为人开朗，乐观，真诚待人3.英语有一定听说写能力（基础资料都为英语）4.有一年以上销售经验5.懂得如何开发客户，讲解仪器设备6.如何和客户沟通，维护客户关系，知道如何处理紧急突发事件，和为公司创造最大利益7.了解招标等系列流程8.本科以上文聘（理工科为佳）9.最好有仪器设备类销售经验10.能承受工作压力11.男女不限 福利待遇：1.标准五险一金2.一年2次公司旅游（国内外各一次）3.一年一次体检4.享有所以国定假日（工作时间：9：00~17：30）每周五下午运动放松日5.培训6.个人交通和午饭补贴 Job description1.familiar with the application and use of instruments and equipment products2.find potential customers through various ways3.visit customers and explain the application and hardware function of instruments and equipment.4.familiar with the order operation process, such as quotations, communication skills with different customers, bidding, ordering, shipping and collecting.5.need to release feedback to market and customer situation weekly and monthly6.need to adapt to domestic travel and go abroad when necessary.7. understand how to develop distributors everywhere8. achieve the goal of the task and complete the specified performance9. Wage structure (after tax): base salary + subsidy (transportation, telephone, lodging) + post allowance + bonus + welfare.10.Yearly Salary after achievement from 150K-350K RMB11. working place: Shanghai Post requirements1. must have sense of responsibility, initiative, tenacity, enterprising2. cheerful, optimistic, and sincere.3. English has certain listening and speaking abilities.4. have more than one year sales experience5. understand how to develop customers and explain instruments and equipment6. how to communicate with customers, maintain customer relationship, know how to deal with emergencies, and create maximum benefits for the company.7. understand the series of bidding processes8. bachelor degree (Engineering preferred)9. it is best to have equipment sales experience10. can bear work pressure Treatment1. normal social insurance benefits2. a year's 2 company travel3. a year for a physical examination4. enjoy a national holiday5. training6. people's traffic and lunch allowance",急招高薪销售 (会英语)待遇超好,https://jobs.zhaopin.com/CC404664635J00152532008.htm,招5人,6K-12K
张江,上海-浦东新区,汇纳科技股份有限公司,CZ131214280,上市公司,2019-07-25 19:39:16,本科,5-10年,岗位职责：1、建立和制定适合公司发展战略和人力资源发展战略的薪酬规划及福利计划；2、根据公司业务发展情况和市场水平，制定薪酬政策和薪酬调整实施办法；3、负责子公司的整体薪酬体系执行督核，为保障公司的经营战略实现服务；4、按照公司对绩效管理的要求，制定绩效考核及相关管理制度；5、完善、监督公司考核绩效管理体系，建立公司考核绩效工作的后续跟踪、评估、分析与优化工作；6、根据不同阶段绩效考核管理要求，调整绩效考核标准，监督控制各部门绩效考核过程；7、完成领导交办的其他工作。岗位要求：1、5年以上薪酬绩效工作经验，本科及以上学历；2、精通薪酬模型和薪酬体系建立方法，熟悉绩效管理工具；3、熟悉国家、地区及企业关于合同管理、薪金制度、用人机制、保险福利待遇、培训等人事方面的法律法规及政策；4、工作条理性、计划性、沟通能力强，工作认真负责并具有较强的执行力；5、为人正直、踏实、办事沉稳细致，具有高度的责任感与敬业精神。,薪酬绩效主管,https://jobs.zhaopin.com/CC131214289J00398316505.htm,招1人,10K-15K
,上海-青浦区,上海链家房地产经纪有限公司,CZ307313210,民营,2019-07-25 19:41:36,本科,不限,"链家集团2001年创立于北京，集地产经纪、互联网科技、地产金融、资产管理于一体的集团企业，具有全产业链服务能力的房产020平台。上海链家房地产经纪有限公司（前身德佑地产）创立于2002年，是链家集团旗下上海分公司。起步高端，面向上海市民及企事业单位提供不动产交易、房屋租赁、营销代理、资产管理和地产金融业务等服务。【您的工作】1.负责客户接待、咨询工作，为客户提供专业的房地产职业咨询服务； 2.了解客户需求，促成二手房买卖或租赁业务，并负责业务跟进和房屋过户手续办理等后续服务工作； 3.负责公司房源的开发与积累，并与客户建立良好的业务合作关系。 【我们能给你提供的】1、工作时间：弹性工作,让你摆脱长时间捆绑在办公楼里枯燥无味的上班族生活；每周休息一天。2、收入不封顶：试用期无责任底薪5000+3000绩效奖励，7月30日前入职首月还可以补贴1000，转正高提成（租赁统提50%，买卖20%-70%，一手统提30%）3、培训免费：公司提供专业系统的带薪培训（没经验？No Problem！）4、晋升���拼爹：不定期举行公开公正的晋升考核，有能力咱就升！5、福利想不到：带薪年假、社会保险、假日礼包、员工旅游、野外拓展等等！新人入职配置一台最新小米定制机！助你有效完成工作！【我们需要这样的你】1、全日制统招本科及以上学历，年龄18-36周岁，不包含自考学历；2、有无工作经验均可，优秀应届生优先考虑；3、学习力强，积极向上,文化价值观OPEN、正直、进取；4、喜欢与人交流，有亲和力，工作积极主动，乐观开朗；5、做事认真踏实，为人正直诚恳；高度工作意识，良好团队精神。面试地址：全上海可根据应聘者意愿就近分配链家官网：sh.lianjia.com",本科起招、链家房产、中介、销售、住宿,https://jobs.zhaopin.com/307313213284335.htm,招6人,6K-10K
顾村,上海-宝山区,上海埃飞电子科技有限公司,CZ404664630,合资,2019-07-25 21:03:30,本科,1-3年,"上海埃飞电子科技有限公司公司隶属于WAD（H.K）集团旗下子公司。专业代理和生产高端科研类仪器和设备，公司代理德国，英国，美国，瑞士，中国台湾各类尖端仪器设备，并在电子行业，物理研究，光电领域，新能源领域享有盛名。公司目标是做成全球知名的代理分销商，涉及不同行业领域。所以现在诚邀有志之士加盟我们团队，由于公司处于发展期，今后会在全国各重要城市建立分公司，只要你有能力就一定能在我们公司找到你的位子和价值.我们的客户：清华大学，北京大学，复旦大学，华中科技大学，哈尔滨工业大学，中山大学，中科院物理研究所，中科院蛋白质所，中科院过程所，中科院光电所，3M，拜耳，GE，HP，华为，ABB，KUKA，YASKAWA，秦山核电站，核能设计院等等，涉及行业：生物，机器人，核能，运动康复，流体，外太空，新能源各领域。Our company specializes in agency or production testing of the instruments and equipment, agenting from Germany, the United Kingdom, the United States, Switzerland, Taiwan all kinds of advanced equipment. In the electronics industry, physics research, the field of optoelectronics, the field of new energy is prestigious. Our goal is to do the world's leading agents and distributors, involving different industries. So we invite people with lofty ideals to join our team. With the development of the company, future will be to establish branches in important cities across the country, as long as you have the ability we will be able to find your place and value in our company.Our clients: Tsinghua University, Peking University, Fudan University, Huazhong University of Science and Technology, Wuhan Institute of physics, Institute of physics, Chinese Academy of Sciences, Chinese Academy of Sciences, CAS process Institute, Chinese Academy of Sciences, 3M, Bayer, GE, HP, HUAWEI, ABB, KUKA, YASKAWA, Qinshan nuclear power station, nuclear power plant Institute and so on, involving industries: biology, robotics, nuclear power, sports rehabilitation, fluid, outer space, new energy fields.职位描述1.熟悉相关生物仪器和设备产品的应用和使用2.通过各种方式寻找到潜在客户3.拜访客户，并讲解仪器设备的应用和硬件功能4.熟知订单操作流程，如报价，与不同客户的交流技巧，招标，订货，发货，收款。5.每周需要发布反馈市场和客户情况给上司6.需要适应国内出差，必要时候需要出国7.懂得如何开发各地经销商8.达到任务目标，完成规定业绩9.工资构成结构（稅后）：底薪＋补助（交通，电话，住宿）＋岗位津贴＋奖金＋提出＋各福利10.完成目标年薪：15－35万人民币11.工作地点：上海岗位要求1.必须有责任心，进取心，有韧劲，有事业心2.为人开朗，乐观，真诚待人3.英语有一定听说写能力（基础资料都为英语）4.有一年以上生物类销售经验5.懂得如何开发客户，讲解仪器设备6.如何和客户沟通，维护客户关系，知道如何处理紧急突发事件，和为公司创造最大利益7.了解招标等系列流程8.和生物相关的本科以上文聘（理工科为佳）9.最好有仪器设备类销售经验10.能承受工作压力11.男女不限待遇1.正常社会保险类福利2.一年2次公司旅游3.一年一次体检4.享有所以国定假日5.培训6.个人交通和午饭补贴Job description1.familiar with the application and use of instruments and equipment products2.find potential customers through various ways3.visit customers and explain the application and hardware function of instruments and equipment.4.familiar with the order operation process, such as quotations, communication skills with different customers, bidding, ordering, shipping and collecting.5.need to release feedback to market and customer situation weekly and monthly6.need to adapt to domestic travel and go abroad when necessary.7. understand how to develop distributors everywhere8. achieve the goal of the task and complete the specified performance9. Wage structure (after tax): base salary + subsidy (transportation, telephone, lodging) + post allowance + bonus + welfare.10.Yearly Salary after achievement from 150K-350K RMB11. working place: ShanghaiPost requirements1. must have sense of responsibility, initiative, tenacity, enterprising2. cheerful, optimistic, and sincere.3. English has certain listening and speaking abilities.4. have more than one year sales experience5. understand how to develop customers and explain instruments and equipment6. how to communicate with customers, maintain customer relationship, know how to deal with emergencies, and create maximum benefits for the company.7. understand the series of bidding processes8. bachelor degree (Engineering preferred)9. it is best to have equipment sales experience10. can bear work pressureTreatment1. normal social insurance benefits2. a year's 2 company travel3. a year for a physical examination4. enjoy a national holiday5. training6. people's traffic and lunch allowance",销售代表/客户经理/生物技术,https://jobs.zhaopin.com/CC404664635J00113521308.htm,招3人,8K-10K
田林,上海,北京大生知行科技有限公司上海分公司,CZ657990420,上市公司,2019-07-25 19:40:22,本科,无经验,    51talk于2016年6月10日在美国纽交所上市，成为目前国内唯一赴美上市的在线教育企业。         【岗位职责】    1. 以专业学习顾问的角色与已付费学员保持良好的、周期性的沟通，为学员提供学习的支持和帮助；    2. 课程周期内督促学员及时、准时学习相应课程，完成课耗率；    3. 了解学员英语水平情况及诉求，有效管理学员的学习进度和学习效果；    4. 适时提醒并推动学员续费，提高客户满意度和忠诚度，保持良性续费频率，从而达成个人任务指标。         【任职要求】    1.本科及以上学历（英语、商务英语专业优先）；    2.大学英语四级及以上英语水平；    3.求职目标明确（有教育行业或销售工作经验者优先）；    4.具备极强的上进心、责任心，抗压能力强；    5.具有积极主动的服务意识及良好的沟通学习能力；    6.熟悉最基本的office办公软件操作；    7.能够完成领导临时安排的工作任务。             【薪资福利】    1. 薪资架构：无责任底薪（4-8k）+提成+达标奖金+交通补贴（入职3-6个月，月薪可轻松破万）；    2. 岗位及薪资每三个月一调整，晋升体制：学习顾问→储备销售主管→销售主管→储备销售经理→销售经理→储备销售总监→销售总监；    3. 享受带薪专业培训，入职员工每月都获赠免费学习外教1对1英语课程；    4.  节假日活动及福利享受；    5. 七险一金（基本五险+综合商业保险）；    6.  入职初期前三个月可获得找房补贴；    7. 享受国家规定的带薪年假、法定节假日等福利。         如果你想挑战高薪    如果你想公平晋升    如果你想提升自我    如果你想加入一个不断稳步上升的平台    请选择51talk！ ,51talk诚邀班主任,https://jobs.zhaopin.com/CC657990420J00261926503.htm,招10人,10K-15K
虹桥,上海-徐汇区,上海逐元教育科技有限公司,CZ531225930,合资,2019-07-25 17:06:19,本科,1-3年,工作内容1.开拓新渠道，通过各种主动搜寻方式与知名企业、世界500强等，建立良好合作关系，为学生争取更多内推机会，同时也为企业输送校招全职精英和优秀实习生。2.挖掘Top500强级别等名企的实习招聘需求，开发对标行业的优秀导师，带教实习生项目。3.负责筛选带教老师，进行合作洽谈，制定规范流程，监督和协调to B和to C端的业务衔接。4.负责内部业务培训，分析和总结各行业招聘人才的标准框架，已达精准推荐目的。职位要求1.全日制本科以上学历。2.1-3年猎头经验优先，需要有金融、咨询行业资源。3.善于与雇主方打交道，有极强的责任心和感染力。4.有创业精神，能深入了解本行业，把握最新信息，对职业咨询/求职教育行业感兴趣。 ,企业拓展主管,https://jobs.zhaopin.com/CZ531225930J00052321902.htm,招1人,8K-10K
共和新路,上海,上海润蒙医药科技有限公司,CZ461025280,民营,2019-07-25 18:43:32,本科,3-5年,岗位职责：1.组织学术会议、业务代表培训、SOP编写及执行监督、项目申报；2.学习并掌握相关疾病知识、竞争产品和知识；深刻了解本公司产品的特点、定位、核心推广信息；3.分析本地区相关产品治疗领域的市场趋势以及其他领导交办事宜；职位要求：1.医学医药相关专业本科以上学历；2..医学、医药专业背景；3.3年以上相关职位工作经验；,医药学术专员,https://jobs.zhaopin.com/CC461025280J00386894001.htm,招1人,10K-15K
华漕,上海,阿吉安(福州)基因医学检验实验室有限公司,CZ825704300,民营,2019-07-25 18:15:05,本科,3-5年,岗位职责：1.    负责/参与体外诊断试剂盒的研发；2.    负责/参与体外诊断试剂盒申报资料的撰写；3.    负责/协助实验室分子检验人员相关实验技术和操作的培训和指导；4.    为其他部门或客户提供技术支持； 任职要求：1.    分子生物学、分子遗传学等相关专业本科以上学历（硕士优先），英语优良，计算机运用熟练；2.    3年以上体外诊断试剂盒研发经验（荧光定量PCR优先）；3.    熟悉体外诊断试剂盒申报流程；4.    具丰富的分子遗传学或分子生物学实验室工作经验，能独立完成实验项目；5.    具较强的上进心和责任心，谨慎仔细的工作态度，良好的独立工作及学习能力，良好的语言表达及人际沟通能力；,研发项目经理,https://jobs.zhaopin.com/CC825704300J00359385107.htm,招1人,6K-10K
颛桥,上海-闵行区,南德认证检测(中国)有限公司上海分公司,CZ000420620,外商独资,2019-07-25 21:44:04,本科,3-5年,职位概要:该职位负责带领团队进行食品接触材料的化学测试。工作职责:1. 带领团队成员及时有效地完成所分配的日常测试工作;2. 根据商业标准和作业指导书正确监控分析工作;3.研发测试新方法，完成方法验证;4. 新测试项目的不确定度计算;5. 监控测试设备和设施的良好性能;6. 对每项测试的过程/设备/环境/原材料进行监控并保持清晰/详细的记录，且测试数据易于跟踪;7. 监测并保持检测室整洁、良好;8. 完成上级交办的其他工作。工作要求:1. 本科以上学历，食品/药物/化学专业;2. 3年以上食品/药品/化学检测工作经验，尤其在食品接触材料分析领域，且熟悉液相色谱质谱分析操作;3. 熟悉食品接触材料化学检测的国际标准;4. 对相关工作目标、标准、政策、程序和指示有良好的理解和执行;5. 鼓励团队成员，不断提高工作效率;6. 勤奋，自我激励，自我完善，有较强的团队合作精神。,有机测试高级测试员（液相液质方向）-上海闵行-02957,https://jobs.zhaopin.com/CC000420624J00371163407.htm,招1人,薪资面议
北蔡,上海,北京实博安工程管理咨询有限公司,CZ291949680,合资,2019-07-25 17:32:35,本科,10年以上,主要职责：* 为各类客户提供项目管理服务* 负责全面管理及协调土建/机电/采购/造价/分包商等相关团队同事* 根据项目需求，为团队成员提供建议及进行协调* 审核土建/机电图纸并提供建议* 定期进行工地访问/或常驻现场，以检查进度和质量，并确认是否符合设计* 确保在任何情况下都保持清晰、公开及诚实的沟通，并符合最高标准的公正性 主要要求：技术专业要求：* 工程管理、土建、机电、水利工程或其他相关建筑工程专业大学本科毕业* 8年以上工程施工项目管理经验，有与客户方沟通接洽及管理项目团队的经验* 熟悉国际工程项目管理体系，有外资企业项目管理经验* 熟悉成本控制、质量监控、项目进度管理及环境健康管理* 对相关政府法规、程序有一定的背景了解* 有设计院工作经验，或食品、制造业、快消行业项目管理经验者优先* 有管理采购和招投标工作的经验者优先 非技术专业要求：* 有良好的个人仪表并能在任何工作场合、会议、项目投标、面试或其他非正式社交场合代表公司真诚，积极的拓展业务* 关注客户需求并有优秀的客户服务技巧* 优秀的文本编辑工作能力* 中英文口头和书面表达流利* 积极向上并自我推动的工作态度请注意：本职位需常驻项目现场！！！,项目经理,https://jobs.zhaopin.com/291949684250011.htm,招1人,20K-25K
南桥,上海-奉贤区,上海万卡信实业有限公司,CZ142335770,民营,2019-07-25 22:05:14,本科,5-10年,一、岗位职责：1）体系的策划、推行、维护、改进、及体系推行过程中的监督管理等。2）体系文件的编制及修订，及培训；3）协助管理者代表/体系责任者/管理者，组织内部的审核活动及管理评审活动；4）提出改进需求及建议；向管理层汇报评审结果；5 ) 体系标准执行过程中的维护和监督；6 ) 体系目标数据的收集、统计、分析和通报；7) 完成上级交办的其他事项。 二、任职要求：1、本科以上学历；2、有3年以上汽车行业质量体系工作经验，5年以上同等岗位工作经验；3、熟悉IATF16949体系管理流程，能独立开展、推行质量体系管理工作，有内审员资格证书；4、文书写作能力及语言组织能力强，沟通协调能力及执行力佳；5、善于与人沟通交流，理解力和执行力强，工作严谨细致，有责任心，具备良好的职业素养、敬业精神和团队合作精神。,IATF16949体系工程师,https://jobs.zhaopin.com/CC142335770J00151995302.htm,招1人,10K-15K
漕河泾,上海,北京大生知行科技有限公司上海分公司,CZ657990420,上市公司,2019-07-25 22:03:40,本科,不限,【岗位描述】接受客户关于产品的咨询、查询、投诉和建议；了解学员诉求，帮助学员预约和学习体验课，并及时回访上完体验课的学员，推荐适合课程，促成订单；客户相关信息的录入管理，建立客户档案，提交工作报表；有效掌握学员动态，维护公司形象，协调客户与公司良好关系，积极配合公司安排的工作任务。 【任职要求】大专及以上学历（英语、商务英语专业优先）；普通话标准，语言表达能力强；懂得消费者心理，具有积极主动的服务意识及良好的沟通学习能力；求职目标明确（有教育行业或销售工作经验者优先）；有责任心、有耐心、能够承受压力、勇于挑战高薪；能够完成领导临时安排的工作任务。 【薪资福利】薪资构成：无责任底薪（3000-10000）+服务绩效（700-2500）+提成+交通补贴（入职3-6个月，月薪可轻松破万）；岗位及薪资每两个月一晋升，提供不同方向人才培养机制：销售管理方向（可担任管理职位，晋升体制：课程顾问→销售主管→销售经理→销售总监）销售专家方向（可提高底薪及提成点、获得公司股权）入职员工获赠免费学习外教1对1英语课程；享受公司提供的丰富节日礼品；七险一金（基本五险+综合商业保险）；入职初期前三个月，可获得找房补贴；享受国家规定的带薪年假、法定节假日等福利。业绩突出者每月可拥有最多4天额外假期。,班主任（学员管理+续费）,https://jobs.zhaopin.com/CC657990420J00173618703.htm,招5人,10K-15K
莘庄,上海,上海绿适制冷工程有限公司,CZ198910010,民营,2019-07-25 17:48:34,本科,3-5年,岗位职责 1、销售人员职位，在上级的领导和监督下完成工作，并能独立处理和解决所负责的任务； 2、协助渠道伙伴策划市场活动，并负责推进市场活动展开； 3、完成分销商、拓展、沟通、签约等工作； 4、支持和维系渠道关系； 5、完成上级交给的其它事务性工作。 任职资格 1、大专及以上学历，市场营销等相关专业； 2、2年以上销售工作经验，有大区渠道市场开拓经验者优先； 3、熟悉产品市场动态及分销商体系，有分销商渠道开发及管理运营经验； 4、具有较强的组织协调能力、良好的沟通能力、语言表达能力、分析判断能力和较强的心理承受能力； 5、热爱渠道销售工作。,销售工程师/销售代表/工程销售/工程业务,https://jobs.zhaopin.com/198910015250040.htm,招3人,6K-12K
陆家嘴,上海-浦东新区,爱贝企业发展(上海)有限公司,CZ348677530,外商独资,2019-07-25 18:27:22,本科,5-10年,岗位职责：1、负责公司全国线上合作渠道的开发与维护；2、负责爱贝品牌全国统一市场活动策划和执行、异业合作、市场调研、区域活动策划与执行、各渠道开发、异业合作、渠道开发与维护；3、负责协助全国的市场数据统计、分析、总结经验分享给全国；4、负责全国的市场培训以及培训课程的开发与升级；5、负责协助总监策划年度市场统筹活动计划，并推进各中心市场活动的管理执行；6、帮助全国分校管控市场产出比；7、领导交办的其他市场相关工作。任职要求：1、5年以上市场营销工作经验，2年以上教育培训行业工作经验；2、有很强的市场策划能力和执行力，非常了解培训行业线下市，强烈的凝聚力和责任心；3、有很强的市场项目谈判能力；4、具有较强的产品、客户心理分析的能力与看法，对市场发展方向和动态有较强的分析能力，了解客户的服务需求，能够根据需求与市场变化迅速做出回应；5、有较强的文案及流程的撰写能力；6、具备较强的团队培训能力；7、有很强的学习能力和沟通技巧，善于合作，性格乐观，敢于挑战，积极进取。,区域市场经理（总部）,https://jobs.zhaopin.com/CC348677534J00246865802.htm,招1人,10K-15K
颛桥,上海,上海顺升创意设计有限公司,CZ881528240,民营,2019-07-25 19:28:50,本科,不限,岗位要求：1. 熟练运用AI\PS\Corel Draw\视频剪辑等软件，熟练设计Wechat画面、广告版面；2. 熟练掌握GIF等动图设计；掌握3D效果图设计的尤佳；3. 熟练掌握办公软件，美化排版能力强；4. 掌握H5以及微信推文编辑技巧；对摄影有一定了解的优先；5. 认真负责，实事求是，有较强的学习能力和自我提高的意识；6.有2年以上相关工作经验，对于品牌视觉有较好的把控能力，善于创新，  有好的团队协助能力，思想积极，勤劳踏实者优先考虑。岗位职责：1. 主要从事logo创作、品牌视觉设计与VI设计等工作；2. 协助公司运营部门制作、修改运营所需的相关素材；3. 协助设计创意的落地执行。4.简历中请附上以往的个人作品。,品牌设计师,https://jobs.zhaopin.com/CC881528240J00418528201.htm,招2人,7K-10K
龙华,上海,上海乙央电子商务有限公司,CZ587079720,民营,2019-07-25 19:53:20,本科,3-5年,"1）随时了解竞品的市场活动，根据客户目标，制定清晰的品牌发展策略；2）根据品牌年度计划，跟进月度计划分解、制作，并监督计划的落地执行；3）主动热情的与客户沟通，及时就客户需求提供专业指导和建议；4）树立专业的行业顾问形象，引导客户消费开发客户潜能；5）与品牌客户项目对接人建立稳固可靠可持续的合作关系，良好的人际关系,及时准确向客户反馈项目执行进程，陪伴客户业务成长；6）维护公司良好声誉，建立行业专家形象；7）管理项目进程，严格掌控项目进度，督导协调公司项目相关部门，跟进项目完成； 8）达成品牌销售任务，管控项目成本，实现利润目标；要求：1、 本科以上学历，流畅商务沟通级别英语水平，项目管理、营销管理类专业为佳；2、 有广告、互联网营销及相关行业五年以上客户关系管理经验，熟悉客户服务体系的管理流程；具有良好的团队精神，具有项目策略部署规划及卓越的公关能力；3、 性格开朗、工作细致、认真负责、积极主动，能够承受工作压力。",客户经理,https://jobs.zhaopin.com/CC587079723J00401827105.htm,招1人,15K-23K
北京西路,上海,上海肖恩房地产经纪事务所,CZ463921510,民营,2019-07-25 19:37:45,本科,不限,"（公司有提供宿舍，给需要的同事，环境干净整洁，距离公司路程25分钟左右）          招聘条件：大专毕业以上 英语四 六 八级以上 有经验销售人员优先         福利 ：经验者 底薪8000+提成 ； 应届生，我司提供免费业务培训，底薪不低于5000元+提成+奖金。给需要者提供宿舍，距离公司路程25分钟左右，环境干净整洁。职位待遇：1、免费职前带薪培训（房地产基础知识，礼仪培训、模拟作业场景，公司文化，应用软件知识，网络基础课程，作业操作演示）2、免费职中培训（作业对象的解疑，专业度提升培养，售后服务及如何与客户建立长期的好感）3、广阔公平的个人晋升空间；员工福利1：年度绩优团体每年将安排境内旅游.2：月度完成目标伙伴可获得现金奖励.3：缴纳员工五险一金职位要求：1、年龄：23—352、学历：大专及以上（拥有专项技能者经考评后可酌情录取，列如语言专长）3、工作经验：不限（有销售经验优先）；4、诚实可靠品行端正；敢挑战高薪5、形象气质佳, 良好的语言表达能力及亲和力；6、身心健康,积极乐观,诚信可靠；7、工作时间: 做六休一（9：30-18:30）； 做五休二（业绩达到1.5W可以双休）",英文房产租赁顾问,https://jobs.zhaopin.com/463921518250739.htm,招5人,8K-10K
漕河泾,上海-徐汇区,上海易教信息科技有限公司,CZ191822320,合资,2019-07-25 00:52:21,本科,3-5年,"岗位职责：1、负责程序编码、自测、联调；负责产品的缺陷修复；2、负责编写设计文档、流程图等技术文档；3、负责公司教育产品的模块设计、参与系统的架构设计；4、负责系统的架构优化、性能优化、代码质量优化等。任职资格：1、3年以上互联网行业WEB项目开发经验；2、熟练掌握J2EE技术基础，反射、IO、泛型集合、多线程等技术；3、熟悉常用框架,例如:Spring,Mybatis,SpringBoot,并对spring有深入研究；4、熟悉Oracle,MySQL等主流数据库，熟练编写高性能SQL语句；5、熟悉Maven等打包工具；6、熟悉SpringCloud的常用组件；7、熟悉常用Nosql数据库,例如:redis/Mongodb,并熟悉其中存在的技术陷阱；8、了解分布式服务、缓存，消息 多线程及高性能的设计、编码及性能调优； 9、有高并发网站或者分布式系统开发经验者优先。",Java开发工程师,https://jobs.zhaopin.com/191822322250423.htm,招2人,13K-18K
延吉,上海,上海顶程教育科技有限公司,CZ536998580,民营,2019-07-25 18:04:28,本科,不限,岗位职责：1.     负责学员档案管理工作；2.     负责学员教材放发工作；3.     负责听课证发放工作；4.     负责学员日常学习的监督和管理;5.     负责学员上课和考试的安排;6.     负责与学员日常沟通和给学员信息的传达；7.     负责学员办理入学手续并为学员建立档案；8.     负责学员报名收费工作；9.     负责学员报名信息汇总工作，每日向主管报告。任职资格：1.     在教育行业有1年以上的相关工作经验优先考虑；2.     能熟练操作办公软件，有较强的动手能力和问题分析能力；3.     性格开朗活泼，学习能力强，有良好的沟通能力，团队协作精神佳；4.     热爱教育事业，细致有耐心，服从安排，勤劳肯干，有极强的责任心与耐心。,班主任/教务专员/辅导员/学习管理师,https://jobs.zhaopin.com/CC536998580J00296368403.htm,招5人,6K-8K
惠南,上海-浦东新区,上海育藤教育科技有限公司,CZ650215430,其它,2019-07-25 20:54:35,本科,1-3年,岗位职责:1．负责授课、学科研究与教学研究.以及试卷出题、批改工作2．针对学生情况，对其进行个性化和小班化高中英语的课程讲授3．在授课期间因时制宜分阶段组织测验活动，以检验学生接受辅导的成效4．平时与本学科组内教师进行教研交流，教学研究，集中备课任职要求:1． 本科学历，师范生优先2．热爱教师工作，熟悉小学/初中课程设置，有一年以上相关授课、辅导经验3．熟悉高中学生的生活及学习特点，善于因材施教，能开拓发掘组织多种教学方式，灵活教学4．表达能力优秀，普通话标准，思维灵活，富有亲和力，有耐心，有责任心，有师德，擅长与学生进行沟通交流。,初中英语老师,https://jobs.zhaopin.com/CC650215430J00156254108.htm,招3人,8K-12K
天目西路,上海-静安区,哈尔滨德莱维信息咨询有限公司,CZ185813610,合资,2019-07-25 00:52:01,本科,无经验,"1 负责上海办公室的行政工作2 负责协助办理上海居住证积分，上海居住证转落户，上海外国人工作证。3 负责协助公司集体活动的组织与举行。4负责协助苏州办公室管理网络及电子设备。5负责上海办公室的采购工作以及定期采购需求的更新6 负责协助招聘的面试安排。7 翻译文档工作，简历更新工作 人事方面可以接触到员工关系/OD/招聘方面的工作。如果对于销售感兴趣，也会有机会转到2B销售的领域。公司氛围绝佳！同事关系超和谐！地铁1，3,4,1,2,13，直达。地理位置超赞！每周实习3天以上即可。一天8小时。工作时间9:00-5:30 薪资100~150/天实习期需在3个月以上，可以6个月的小伙伴优先考虑本岗位只接受实习生申请",人事行政助理,https://jobs.zhaopin.com/CC185813615J00295767302.htm,招1人,1K-2K
衡山路,上海,麓乔(上海)投资咨询有限公司,CZ504900330,外商独资,2019-07-25 00:50:20,本科,1-3年,1、负责海外市场业务，开发客户，主动寻找有意向客户并达成销售，有效促成公司业绩目标。2、为客户提供专业的海外置业服务咨询。3、跟进客户相关信息，陪同客户商务谈判，促成海外购置业业务达成。4、团队管理。任职要求：1、本科学历，有1-3海外房产销售经验优先，或是外资银行、移民、留学、奢侈品、国内房产等行业销售经验优先。 2、热爱销售工作，抗压性强，具备良好的沟通与表达能力，学习能力和领悟能力强。3、性格开朗、积极乐观，具有敬业精神、团队精神。4、吃苦耐劳，好学有恒心，有意愿在海外地产行业长期发展。 高额无责任底薪+高额销售提成+年度提成奖金,海外置业经理（高额无责任底薪+高提成）急,https://jobs.zhaopin.com/CC504900330J00192555302.htm,招10人,12K-20K
莘庄,上海,上海启首计算机系统工程有限公司,CZ378214310,民营,2019-07-25 00:50:31,本科,5-10年,岗位职责：1、参与制定公司长期营销战略，拟订公司年度销售计划确保完成公司年度销售目标、市场目标、回款目标和利润目标；2、负责公司客户的销售策略、销售计划和发展的管理，并有效的部署实施与监控；3、建立顺畅的客户沟通渠道，主持客户的业务谈判及成交，落实客户货款的回收，创建长期、良好、稳固的客户关系；4、负责开发多重销售手段、销售工具；5、负责重大销售合同的谈判与签订；6、负责定期和不定期的拜访重点客户，及时了解和处理问题；7、负责销售人员的考核和管理工作。任职资格：1、本科及以上学历；2、5年销售管理经验，有知名连锁品牌企业客户销售经验优先；3、熟悉营销、管理相关知识，具备目标绩效管理、过程控制、合作发展以及冲突管理等方面的知识与实践技巧；4、具备很强的演讲、沟通、团队管理、系统思维、分析决策能力；5、能适应出差，有较强的抗压性。,销售总监,https://jobs.zhaopin.com/CZ378214310J00276469808.htm,招1人,30K-50K
潍坊,上海-浦东新区,爱贝企业发展(上海)有限公司,CZ348677530,外商独资,2019-07-25 18:28:22,本科,5-10年,岗位职责：1，负责品牌设计类工作的执行和把控，包括VI、画册、海报等;2，制定设计工作的规范及流程，并进行监督;3，定期维护和提升品牌设计形象;4，指导设计团队，提升工作和业务水平。 任职要求：1，专业类院校毕业，本科以上学历，5年以上设计经验（海外学习背景为佳）；2，拥有较强的沟通和理解能力，以解决问题为目标的合作性思维；3，对设计工作有较深的理解，专注、投入、敬业，并善于学习，不断提升自身能力；4，对品质有要求，注重细节，追求卓越。,平面设计经理（总部）,https://jobs.zhaopin.com/CC348677534J00302005602.htm,招1人,15K-20K
天山路,上海-长宁区,上海金才管理咨询有限公司,CZ120164280,股份制企业,2019-07-25 18:28:10,本科,3-5年,工作内容：1、协助总裁参与事务项目的沟通，协调推进跟踪项目的进程；2、撰写邮件、公文、报告等各类文件；总裁签发文件管理，文件信息上传下达；3、根据总裁要求协调安排各类会议，做好会议纪要。任职要求：1、3年以上工作经验；2、做事条理清晰，逻辑性强；3、工作和生活有规律；4、职业上对自己有发展要求，有一定的抗压能力，沟通协调没有难度；5、为人热情、做事细致周到、有高度的责任心，有基本的商务礼仪素质；6、有独立项目负责经验，企业管理经验者佳。,总裁助理,https://jobs.zhaopin.com/CC120164282J00289737605.htm,招1人,8K-10K
张江,上海-浦东新区,上海人联企业管理有限公司,CZ523833520,民营,2019-07-25 18:30:26,本科,3-5年,工作职责：1、能独立负责项目模块的技术开发和改进工作；2、与产品人员共同确定产品的可行性，技术实施方案，并具体 实施开发工作和测试工作；3、Java代码编写和调试；4、性能优化，包括代码优化，数据库优化；5、独立、高效的完成编码；6、参与过敏捷开发，能够担任Scrum master.（项目管理） 任职要求：1.3年以上相关工作经验2、熟悉J2EE技术体系，熟练使用Spring、Hibernate、SpringMVC、Spring Cloud等开源框架并了解工作原理；3、熟悉SVN、GIT、Maven、Junit工具；4、熟悉Oracle、MySql数据库；5、熟悉Liunx操作系统，能在Liunx环境下部署安装软件；6、工作认真负责，有团队合作精神，表达能力、沟通能力、心理素质较好，能够在压力环境下工作。有金融IT人才测评（FITT）成绩单者优先面试和录用工作地址：上海市浦东新区张江,招Java开发工程师,https://jobs.zhaopin.com/523833523250121.htm,招3人,12K-20K
桃浦,上海,上海古荷文化创意设计有限公司,CZ398554380,民营,2019-07-25 00:51:01,本科,1-3年,职责描述： 1. 根据设计主题要求，绘制私人定制设计图。2. 根据企业文化要求，绘制团装定制设计图。3. 根据季节新品要求，绘制季节款设计图4. 能够与客户充分沟通，理解客户需求。5. 设计风格与思路清晰，能够阐明设计方案。6. 能够生产跟单，理解生产流程，协调好生产制造环节。7. 熟悉各类面料与辅料。8. 能独立完成整期产品的策划。能力要求：1. 精通PS、AI软件的操作，绘图能力强。2. 服装设计专业 本科及以上。3. 有很好的学习能力，不断提升专业度。4. 有很好的团队合作精神。,服装设计师,https://jobs.zhaopin.com/CC398554382J00286971701.htm,招1人,8K-10K
惠南,上海-浦东新区,上海育藤教育科技有限公司,CZ650215430,其它,2019-07-25 20:54:12,本科,1-3年,"职责描述:1.教授小学或中学语文课程;2.全力完成学校各期安排的教学工作;3.积极参与全校组织的建设性的非学术活动;4.积极参与学校和部门组织的各种培训、教研、讲座和会议等活动;5.配合部门主管完成其他赋予的工作。任职资格:1、中文、文学等相关专业,本科学历,硕士学历优先考虑;2、熟悉沪教版小、初、高中所教授科目教材,准确把握中、高考考试规律,有独到解题方法对中高考有深入研究和理解,上课生动活泼,知识面宽广;3、注重学员综合能力和考试成绩的全面提高,能充分调动学生的学习积极性,富有感染力,熟悉青少年心理,充满激情与活力;4、可以承受较大的工作强度,有团队合作精神和组织协调能力;有敬业精神,能吃苦。",小初中语文老师,https://jobs.zhaopin.com/CC650215430J00156247608.htm,招5人,8K-15K
陆家嘴,上海,启棘宾商(上海)资产管理有限公司,CZ308514680,民营,2019-07-25 18:04:34,本科,5-10年,职责描述：1.负责公司二级市场股票主动投资管理；2.参与制定部门整体资产配置方案，制定股票投资组合策略，进行投资操作；3.组织实施部门的投研管理工作，实现权益投资目标；4.紧密跟踪并研究市场形势，撰写投资分析报告，挖掘股票市场投资交易机会；5.进行投资品种的调研、跟踪，根据市场变化及反馈对投资组合进行动态调整；6.积极参与同业及渠道交流，沟通协调各种资源；7.完善投资的相关流程、制度，以保证投资工作有序、高效开展。任职要求：1.具备5年以上从业经历，有较长期连续稳定的绝对收益；2.熟悉证券股票市场投资业务及投资管理工作，具有良好的研究、分析、判断能力；3.具有出色的独立思考能力、逻辑思维能力、信息分析能力、对市场动态具有敏感性；具备较丰富的投资团队管理经验；4.善于人际沟通表达、具有良好的团队协作精神与强烈的工作责任感；5.有公募、私募基金从业经验优先,基金经理,https://jobs.zhaopin.com/CC308514682J00394430105.htm,招1人,10K-15K
周家渡,上海-浦东新区,上海电景信息科技有限公司,CZ681474020,民营,2019-07-25 18:36:03,本科,5-10年,"职位描述：1、最好具备电商系统开发经验,有订单/会员/开放平台/商品库存/支付结算相关经验者优先，热爱移动互联网、具有团队合作精神、面对困难有较强抗压能力；对新兴技术及编程有热情。2、 本科以上学历，计算机或相关专业；5年以上java实际项目或产品开发经验；1年及以上Spring Cloud开发经验。3、精通java语言、具备分布式应用开发经验、熟练掌握Spring mvc/spring boot，mybatis，JSON、restful 、MQ、rpc、nginx等开源框架及中间件。4、理解Spring Cloud 的常用组件 zuul , eureka , config , Hystrix等。5、熟悉MySQL等关系型数据库，以及相应数据库调优、SQL优化；了解Redis、MongoDB等非关系型数据库，对MQ、Zookeeper、dubbo等分布式框架了解的优先考虑6、熟悉Linux和主流Web服务器的配置和使用；7、具备良好的代码编写习惯，熟练使用代码版本管理工具Git与项目构建工具maven。",高级java工程师,https://jobs.zhaopin.com/CC681474022J00243988503.htm,招10人,25K-35K
长征,上海,广州市壹讯商务咨询有限公司,CZ146151900,民营,2019-07-25 20:38:54,本科,1-3年,"万豪酒店上海现场招聘会流程：投递简历—招聘顾问与你电话沟通—获得面试邀约邮件及短信—凭短信进场—面试—等待结果时间：2019年8月29日（星期四）地点：上海明天广场JW万豪酒店MARRIOTT VACATION CLUB ASIA PACIFIC (MVCI AP) As one of  the world's largest Holiday Ownership organization, Marriott Vacation Club International offers a range of opportunities for talented individuals interested in making a career out of helping other people experience the joy of leisure time well spent. Our brands span across the globe and include Marriott Vacation Club, The Ritz-Carlton Destination Club and Grand Residence Club by Marriott. Due to our rapid growth in Asia Pacific, MVCI AP is seeking qualified individuals to join our dynamic team at our sales gallery in one of the three countries, namely Phuket, Singapore or Australia (visit us at www.marriottasiaholidays.com).Overseas Sales(Phuket/Singapore/Australia) The Senior Membership Consultant is responsible for delivering consistent and accurate sales presentations to our guests on our Asia Pacific product that allows for experiences at Marriott Vacation Club Resorts, JW Marriott, Ritz Carlton, Renaissance, Courtyard hotels and more global brands. The Senior Membership Consultant will be focused on achieving high guest satisfaction scores and defined sales targets, whilst at all times maintaining a professional image in up holding MVCI ’s high standards of integrity and service. RequirementsTo perform this position successfully an individual must be able to perform each essential duty satisfactorily.  The requirements listed below are representative of the knowledge, skill, and/or abilities required. The individuals should have:1、A demonstrable track record of high achievement in sales over 5 years2、Highly driven and goal orientated3、Ability to work in a close team environment4、Required language(s): Candidate must be fluent in English & Cantonese or Mandarin Benefits1、2 days off per week2、After probation period will have 12 days vacation3、Insurance:Prudential Life Insurance,Annual Medical Check Up,Dental/Optical etc.4、Stay and duty meals for free If you believe you can fulfill the high standards we are seeking, we look forward to receiving your cover letter and resume giving full details of qualifications, experience and a recent photo as well as current and expected salary to:. Email: **************Please note, we regret that only short-listed candidates will be notified. 作为全世界最大的度假所有权组织之一，万豪国际度假俱乐部提供一系列为客户感兴趣的，高尚尊享的度假休闲计划。 我们的品牌横跨全球，包括万豪假日俱乐部，丽思卡尔顿俱乐部及其他大型住宅俱乐部。 由于我们在亚太地区的快速增长，MVCI AP正寻求合格的人员加入我们充满活力的泰国普吉岛销售团队（详情请浏览www.marriottasiaholidays.com）。 海外销售（泰国普吉岛/新加坡/澳大利亚） 职位描述：1、主要负责对亚太区产品（万豪假日俱乐部度假酒店，JW万豪，丽思卡尔顿，万丽，万怡酒店和更多的全球知名品牌）提供一致和准确的销售演示给我们的客人。2、需要任何时候在保持MVCI的高标准诚信和服务的专业形象的前提下，完成客户高满意度得分和定义销售目标。 职位要求：1、5年以上的销售经验；2、高效执行能力和目标导向能力；3、良好有效的团队合作精神；4、会说流利的英文、广东话或普通话。 部分福利：1、五天工作制，每周休息2天；2、试用期过后享受12天年假；3、保险：信诚人寿保险，年度医疗检查，牙科医疗费报销等；4、包吃包住。如果你相信你能完成我们正在寻求的高标准，我们期待收到你的求职信和简历（需附上详细的资质、经验、最近的照片以及当前和期望薪资）。请将上述资料发送到电子邮箱：*****************我们只会通知入围的候选人，如有不便，敬请原谅。 此职位需长期出差于泰国普吉岛，巴厘岛或澳大利亚万豪酒店，如不能接受国外工作，请勿投！",Marriott Overseas Sales (东南亚）,https://jobs.zhaopin.com/CC146151908J00224392007.htm,招10人,20K-30K
漕河泾,上海,钧云(上海)网络科技有限公司,CZ443613780,民营,2019-07-25 00:52:17,本科,不限,岗位职责：1.资金管理辅助：负责日常付款的一级操作及统计，日常收款统计确认；              根据管理需求，出具资金分析报告2.税务管理辅助：负责开票需求统计及发票相关管理表更新3.档案及其他：负责财务档案管理，配合部门其他管理项目的执行任职要求：1.本科及以上，会计相关专业；可为在校生兼职2.熟练应用财务及office办公软件，有企业实习经验者优先3.认真细致，吃苦耐劳，有良好的职业操守4.思维敏捷，接受能力强，能独立思考，善于总结工作经验,00038-出纳,https://jobs.zhaopin.com/443613788250107.htm,招1人,5K-7K
方松,上海,上海茸杰教育科技有限公司,CZ875545360,民营,2019-07-25 19:57:23,本科,1-3年,工作内容：1、负责授课，同事与其他教师协作进行本学科的教学研究2、能够带领教师团队不断更新符合学院需求的课程设计、教学方法，以及教师教学质量管控与提升，对教学中存在的质量问题提供改进方法；3、帮助学生提高学习兴趣，培养学生良好的习惯；4、与学生及家长保持良好、长期的合作关系；职位要求：1、本科以上学历，普通话标准，仪表仪态端庄，有亲和力；2、能熟知上海教材使用、准确把握上海高考考试规律、具有1年带班经验；3、对高中教学工作有热忱，熟悉高中生学习特点；4、普通话标准，表达能力强，富有亲和力，有耐心，擅沟通，思维敏捷、逻辑性强；5、有强烈的使命感和团队意识，抗压能力强，有上进心。工作时间：13:00-21:00（每周休息2天）,高中数学老师,https://jobs.zhaopin.com/CC875545360J00386345701.htm,招1人,15K-20K
龙华,上海-徐汇区,新航道 NEW CHANNEL,CZ457481710,民营,2019-07-25 00:50:59,本科,1-3年,   岗位职责：    1、了解客户背景及需求，提供个性化留学咨询规划，设计切实可行的留学方案；    2、完成部门制定的业绩销售指标；    3、积极参与公司内部培训讲座以及对外市场活动、讲座分享、项目推广等；    4、参与行业培训及海外院校业务培训，保持留学行业的信息及时性和准确性。   任职要求：   1、出色的沟通能力、应变能力，逻辑性强，良好的客户服务意识和抗压能力；   2、具备踏实认真的工作态度、持续的学习能力，并勇于接受挑战，具有创新精神和良好的团队合作精神；   3、本科以上学历，专业不限，英文水平优秀，逻辑性强；   4、至少3年以上的留学行业全职美国以及加拿大留学咨询规划工作经验，海外名校毕业生优先，尤其具有美国Top20和加拿大前三本科高端留学规划成果经典案例者优先。,资深美加留学规划师,https://jobs.zhaopin.com/CC457481716J00143486709.htm,招2人,20K-30K
周家嘴路,上海,穆野(上海)教育科技有限公司,CZ605624680,民营,2019-07-25 00:51:38,本科,3-5年,"1、教授3-6岁幼儿蒙氏课程,提供教育咨询2、保证授课质量,维护续班工作3、精熟教案,提供教学个案分享4、教室及教具的维护和管理任职要求:1.大专及以上学历,学前教育等相关专业毕业。2.持有教师资格证、普通话等级证书,懂得班务管理者优先;3.一年以上幼儿主班工作经验,熟悉蒙氏课程授课技巧。4.热爱教育事业,热爱孩子,具备较强的管理才能和现代教育意识。5.普通话标准,形象好、气质佳、开朗乐观、无不良嗜好,有特长优先考虑;",蒙氏老师,https://jobs.zhaopin.com/CZ605624680J00266196005.htm,招2人,8K-16K
七浦路,上海-黄浦区,北京明德立人教育咨询有限公司,CZ262382730,股份制企业,2019-07-25 20:57:52,本科,1-3年,岗位职责：1.负责根据学生自身特点和院校特点为为客户量身定背景提升方案、专业规划方案及选校方案；2.查询并翻译国外院校及专业信息，及时了解美国综排、专排前五十名学校的最新招生政策及热门专业的开设情况；3.帮学生做背景提升规划，并监督学生及时执行；4.帮学生做选校和时间规划方案；5.指导学生撰写文书并帮助进行修改。任职要求：1.熟悉美国大学情况及申请流程，有本科或研究生规划经验优先；2.踏实、认真、细致、做事有条理，抗压能力强，有上进心；3.具有良好的沟通能力，服务意识和团队合作精神；4.具有较强的学习能力，熟悉使用办公软件。5.具有责任感， 热爱教育事业，认同企业文化； 福利待遇：1.年薪30-60万；2.正常双休和国家法定假日休息；年底双薪3.带薪年假，弹性工作制；4.正式员工提供五险一金；5.薪资构成：底薪 +提成+奖金；6.管理级别和专业级别双通道的晋升空间；7.节假日礼品，不定期组织聚餐、团建、旅游。 ,美国本科规划/留学顾问/后期文案,https://jobs.zhaopin.com/CC262382737J00129665614.htm,招1人,10K-15K
共和新路,上海,上海朝伴企业管理合伙企业(有限合伙),CZ855534430,民营,2019-07-25 16:45:48,本科,不限,我们是一家国际领先的大学生职前教育和人才服务品牌，我们的初衷就是提高大学生求职竞争力。我们主要为留学生为主的大学生群体提供一站式求职解决方案。专业求职咨询、简历修改、面试培训、职前专业体系搭建、无忧内推机会。500强在职专业求职导师在线辅导，1000多家名企合作（麦肯锡，百度，宝洁，Neusoft、沃尔玛，苏宁，KANTAR，携程、滴滴、Schneider、强生等）提高综合求职竞争力。职业诱惑：发展空间广阔、地铁周边、福利多多岗位职责：1、通过电话/微信与客户沟通，了解客户现状，帮助客户分析问题，给出相应的行业意见及职业规划；2、匹配适合客户、后续能持续帮助客户的相应求职解决方案，并解答客户的求职疑问；3、积极参加针对个人成长定制的系统培训，不断学习各行业专业知识，提升自身能力，更好的帮助客户解决问题；岗位要求：1、全日制本科及以上学历，接受优秀应届毕业生参与管培生计划；2、对教育培训、大学生职业辅导感兴趣，且愿意在此领域追求长期职业发展；3、具有很强的自我驱动力、认真负责、踏实、结果导向、具有团队合作精神薪资福利：1.无责任底薪+丰厚提成+五险一金+双休+良好舒适的办公环境；2.员工福利: 下午茶、年节礼品、每年不定期拓展团建活动和旅游；3.工作稳定，环境宽敞、整洁。上班时间：早九晚六，周六日双休，节假日正常放假休息。员工福利：五险一金、下午茶、年节礼品、每年不定期拓展团建活动和旅游。,初级职业咨询顾问,https://jobs.zhaopin.com/CC855534430J00278676504.htm,招2人,10K-15K
马陆,上海,上海源冠自控设备有限公司,CZ138089020,合资,2019-07-25 00:50:40,本科,不限,职位要求：1、   年龄：18-25岁2、   自动化仪表、机电一体化、机械工程及自动化等专业，本科及以上学历，熟练操作各种办公软件和办公设备3、   具有良好的亲和力和协调能力4、   工作态度积极、认真、责任心强5、   应聘者必须常住上海市(包括上海郊区)或者常租房在上海市的 待遇：待遇优厚，福利多多，公司旅游，节日福利，生日福利，体检，双休不加班，带薪年假，薪资为月薪加绩效奖金。上班时间：有班车，9:00-17:00工作地点：上海-嘉定马陆工业园,销售助理 应届毕业生,https://jobs.zhaopin.com/CC138089029J00378176407.htm,招1人,4.5K-6.5K
光新,上海,上海创超建材有限公司,CZ316079420,民营,2019-07-25 18:56:00,本科,3-5年,岗位要求有3-5年建筑材料相关公司工作经验。有五金，机械锁，电子锁供应商管理，项目管理经验。有成熟的五金、机械锁、电子锁供应商资源从优。具有良好的沟通表达及分析能力，积极的工作态度。对建筑行业有极大的热情，适应全国各地出差，吃苦耐劳。性格开朗，工作作风细致严谨，有强烈的工作热情和责任感，良好的团队合作精神及职业道德，较强的观察能力和应变能力。 项目管理职责负责项目所需的五金，机械锁，电子锁产品的前期采购流程。负责配合销售进行招投标工作中的建筑材料资料提供及价格组成分析。负责管理全国各个项目的合同跟进，与甲方的联络，项目进度的把控。负责管理供应商相关的合同文本，协议，订单等。负责收集建筑材料的应用信息，做好市场分析，随时掌握国家相关产品的标准和政策变化，做好政策分析，为公司决策提供有价值信息。负责加强与供应商的沟通与联络，确保货源充足，供货质量稳定，交货时间准确。解决供应商在项目期间可能发生的任何配合问题，保障供货、安装及维保的落实。服从分配，听从指挥，并严格遵守公司的各项规章制度和有关规定。负责根据全国项目进度，资金情况、实际需要情况，编制采购计划。加强与项目验收、工地保管人员的协作，有责任提供有效的物品保管方法，防止物品保管不妥而受损失，并完成项目收款。负责对所购物品质量进行检验，要求供货商必须提供三证。 试用期3个月，公司缴纳五险一金。 工作地址：上海市普陀区中山北路1958号2015室,项目经理-五金锁具,https://jobs.zhaopin.com/CC316079421J00357303907.htm,招2人,6K-8K
浦江,上海,哈尔滨德莱维信息咨询有限公司,CZ185813610,合资,2019-07-25 00:52:01,本科,无经验,"1 负责上海办公室的行政工作2 负责协助办理上海居住证积分，上海居住证转落户，上海外国人工作证。3 负责协助公司集体活动的组织与举行。4负责协助苏州办公室管理网络及电子设备。5负责上海办公室的采购工作以及定期采购需求的更新6 负责协助招聘的面试安排。7 翻译文档工作，简历更新工作 人事方面可以接触到员工关系/OD/招聘方面的工作。如果对于销售感兴趣，也会有机会转到2B销售的领域。公司氛围绝佳！同事关系超和谐！地铁1，3,4,1,2,13，直达。地理位置超赞！每周实习3天以上即可。一天8小时。工作时间9:00-5:30 薪资100~150/天实习期需在3个月以上，可以6个月的小伙伴优先考虑本岗位只接受实习生申请",人事行政助理,https://jobs.zhaopin.com/CC185813615J00295767202.htm,招1人,1K-2K
上海南站,上海,上海果藤信息科技有限公司,CZ523457680,民营,2019-07-25 17:04:05,本科,3-5年,【岗位职责】                                                                                                                                1. 公司内部用印、合同文件审核，归档；2、根据公司经营需要协助各部门起草、审核、修改、签订、归档合同或相关法律文件3、日常公证、鉴证等非诉讼法律事务联系、协调管理相关工作4、对企业工商登记以及商标、专利、商业秘密保护等事务提供法律服务5、跟踪解读法律法规最新动态，根据公司业务需求及法规变化情况，提供法律培训、开展普法宣传活动。 【任职要求】1、全日制本科及以上，法学、经济、金融、管理等专业均可，有法律职业资格证书、企业法律顾问资格证书优先考虑2、从事商务、金融或法律等相关工作1-4年以上，具有扎实的法律、金融基础知识、熟练掌握国家法律法规和金融政策，能适应法律法规变化3、性格稳重，思维缜密，勤于思考，善于沟通，原则性强4、能独立开展合同(起草）审查、法律咨询、法律风险管控等相关工作5、具有良好的计算机应用能力，熟练使用office软件。,法务专员,https://jobs.zhaopin.com/CZ523457680J00416473701.htm,招1人,6K-10K
虹桥,上海,居理新房,CZ464881780,民营,2019-07-25 21:23:34,本科,不限,居理新房(Julive)——全国最大、口碑最好的新房电商平台作为国内首家数据驱动的新房电商平台，我们的核心业务是向买房人提供全流程免费的高品质新房咨询服务。自2014年成立以来，先后受到了源码资本、K2险峰长青等投资机构的青睐。目前也是业内首家完成B+轮融资的新房电商平台。五年来，公司已经形成了数据和人才的双重竞争壁垒，并积累了领先行业两年的新房大数据营销系统。目前已经领跑房产行业细分赛道——新房电商领域。公司现在已有北京、天津，上海，苏杭，广州，重庆，成都、深圳、郑州、南京、佛山等12个分公司。在新房领域的这片蓝海里，居理期待和你一起见证优秀，成就彼此。 我们提供的岗位是——房产咨询师！月入过万就满足了？不不，这只是开始！【我们能给您提供的】1、薪酬体系：基本工9000+满意度奖金+1000房补。（基本工资包括无责任底薪7000+绩效2000，试用期按照基本工资80%发放）其中从18年4月开始实施的绩效与业绩无关，只要你有过硬的执行力，就可以全额拿到。2、重量级大奖：公司月度会投入数万元奖励优秀的咨询师，头炮奖、团队奖等应有尽有。另外年度还设置千元现金奖励，年度销冠更有苹果三件套、奔驰宝马等大奖等你来拿。3、多类补贴：每人每月可获得全勤奖+电脑补贴+话费报销+打车报销等。4、福利保障：试用期开始交五险一金+内部员工购房福利+年度体检+年度带薪出游+带薪年假+节假日福利+生日福利+ 每月团建经费。5、全职业生命周期的培训培养体系：从新人到管理者的每个阶段，均有完善的培训课程，且每个新人均配备资深导师进行入职引导及在职指导。①专业培训：入职初期，统一安排约两周的集中带薪培训，从地产行业的专业知识到营销咨询的业务技巧全方位覆盖。②引导人制度：资深的咨询师作为入职引导人一对一辅导，直到新员工可以独立且成功的为用户提供完整的咨询服务。③入组培训机制：对于新员工安排入组孵化，即由主管全面培育和孵化，帮助新人达到转正标准实现咨询师转正。④线上自主学习平台——猫头鹰学院，线上培训课程，让学习无处不在。6、两条个性化晋升通道：专业通道Or 管理通道①专业通道：C1 到C7；②管理通道：咨询师→咨询主管→咨询经理→城市经理→大区经理 。从新人到管理者平均晋升周期为9-12个月，每月均会组织一次管理者公开竞聘。公司有刚转正就做到主管的超强实力新人，有95年的城市经理，你希望自己成为哪一类？7、丰富多彩的员工活动：公司专门设立员工满意部，为员工提供茶歇、零食、甜点等福利，同时还有员工自发组织的读书、撸猫、篮球、健身等各种兴趣小组，让你上班不枯燥，下班不单调！8、工作环境：办公室均入驻高档写字楼，办公环境宽敞明亮，舒适整洁；公司互联网扁平化管理，氛围轻松融洽。9、公司团队：咨询师团队是一支十分具有活力的90后团队；全本科及以上学历的优秀同事，80%的咨询师毕业于一本院校，你必定可以从周围的人身上获益匪浅！ 【我们需要这样的你】1、来自一本及以上院校，统招本科及以上学历【我们的小伙伴34%以上来自海外和国内优秀高校，我们非常期待这样你加入我们，一同成长】；2、认为自己有不错的亲和力、沟通能力和逻辑思维能力；3、有良好的抗打击能力，愿意和一群加班狂一起工作(我们不时会出外勤，跑遍全城~)；4、渴望高收入、渴望在大城市有自己的立足之地；5、渴望和一群优秀的同事一起工作，让自己也变得同样优秀（真正公平、公开和谐的工作氛围）；6、一颗不安分的心、一颗能披荆斩棘的心、一颗热爱沟通的心； 【你要为公司做什么】1、专注提升自己的业务能力，根据从公司分配的客户的实际需求为他们提供专业化的咨询、陪同客户看房，提供专业购房建议，服务用户购房全流程；2、维护“居理咨询师”的品牌形象，传递公司良好形象和价值（这一点我们极其重视，客户第一！），追求用户的高满意度；3、进行市场分析及楼盘调研，发表专业的楼盘测评、维护楼盘数据（不熟悉操作也没关系，我们的入职培训以及引导人会耐心的帮你学习，一同成长）；4、完成每月既定的任务目标，我们看中具体的结果，也注重实现结果的过程——精致专业的服务（追求极致的客户满意度） 【公司地点】： 上海市长宁区中山西路1065号中山SOHO B1层中山3Q 良禽择木而栖，我在居理新房等你！,市场专员 名校同事9K起薪+房补+晋升快J10291,https://jobs.zhaopin.com/CC464881788J00191035711.htm,招30人,10K-15K
龙华,上海,上海卉群企业管理咨询有限公司,CZ525767780,民营,2019-07-25 19:02:32,本科,3-5年,岗位职责：1 责任心强，具备良好的沟通能力，良好的团队合作精神和承受压力的能力；2.有良好的代码规范，对自己的代码质量有较高的要求，并对团队的代码进行质量控制；3. 对技术有激情，喜欢钻研，能快速接受和掌握新技术，有较强的独立性和主动学习能力，良好的沟通表达能力和团队协作能力；技术要求：1.  3年以上前端开发经验，1年以上vue框架使用经验。2. 熟悉vue框架以及生命周期，计算属性，vue指令，组件通信。3. 有过element-ui或者类似UI框架深度使用经验。4. 熟练运用vue周边资源，例如vuex， vue-router等5. 有less，sass等使用经验，熟悉css36. 对webpack打包工具有一定的了解,前端开发工程师,https://jobs.zhaopin.com/CZ525767780J00273121303.htm,招2人,10K-15K
